,0,1
0,AdaBoostClassifier,"[Row(('ecodan/kaggle-connectomix', '        #         clf = AdaBoostClassifier(n_estimators=e, learning_rate=f)'), {'repo_name': 0, 'line': 1})]"
1,AdaBoostRegressor,"[Row(('AntoinePrv/AXA-data-challenge', '#        reg = AdaBoostRegressor()'), {'repo_name': 0, 'line': 1}), Row(('brotherofken/national_data_science_bowl_2', ""    return skl.ensemble.AdaBoostRegressor(base_estimator = skl.linear_model.LinearRegression(), n_estimators=1000, learning_rate = 0.1, random_state=0, loss='linear')""), {'repo_name': 0, 'line': 1}), Row(('brotherofken/national_data_science_bowl_2', ""    #return skl.ensemble.AdaBoostRegressor(base_estimator = skl.tree.DecisionTreeRegressor(max_depth=4), n_estimators=1000, learning_rate = 0.1, random_state=0, loss='linear')""), {'repo_name': 0, 'line': 1})]"
2,BaggingClassifier,"[Row(('jmausolf/HIV_Status', ""\t\t\t\t\t('bagging', BaggingClassifier())]""), {'repo_name': 0, 'line': 1}), Row(('cassinius/right-to-forget-data', ""  #   BaggingClassifier(SVC(kernel='linear', probability=True, class_weight='balanced'), max_samples=1.0 / n_estimators,""), {'repo_name': 0, 'line': 1})]"
3,BayesianRidge,"[Row(('fnielsen/everything', '        BayesianRidge, ElasticNet, ElasticNetCV,'), {'repo_name': 0, 'line': 1})]"
4,Binarizer,"[Row(('3ll34ndr0/10cur4', '        self.sk.preprocessing.Binarizer(threshold=5).fit(temporary.reshape(-1,1))'), {'repo_name': 0, 'line': 1})]"
5,CountVectorizer,"[Row(('f00barin/sol', 'count_feats = skfet.CountVectorizer()'), {'repo_name': 0, 'line': 1}), Row(('f00barin/sol', '#tfidf_feats = skfet.CountVectorizer(sublinear_tf=True, max_df=0.5)'), {'repo_name': 0, 'line': 1}), Row(('trianam/reuTest', ""analyzer = sl.feature_extraction.text.CountVectorizer(analyzer='word', token_pattern=tokenPattern).build_analyzer()""), {'repo_name': 0, 'line': 1}), Row(('fnielsen/everything', '        CountVectorizer, TfidfVectorizer)'), {'repo_name': 0, 'line': 1})]"
6,DBSCAN,"[Row(('stuartsale/marg_iso', '            dbscan = sk_c.DBSCAN(eps=0.05)'), {'repo_name': 0, 'line': 1})]"
7,DecisionTreeClassifier,"[Row(('jmausolf/HIV_Status', ""\t\t\t\t\t('decision_tree', DecisionTreeClassifier()),""), {'repo_name': 0, 'line': 1}), Row(('Kleurenprinter/prompred', '            model = DecisionTreeClassifier(max_depth = max_depth, max_features=max_features, min_samples_split = min_samples_split)'), {'repo_name': 0, 'line': 1}), Row(('AmrARaouf/StumbleUpon-Classification', ""    clf = ensemble.GradientBoostingClassifier(n_estimators=1000, max_depth=2) #ensemble.ExtraTreesClassifier()#ensemble.RandomForestClassifier() #tree.DecisionTreeClassifier()  #skl.linear_model.SGDClassifier(penalty='elasticnet') #svm.NuSVC() #GaussianNB()""), {'repo_name': 0, 'line': 1}), Row(('DynaLite/DynaLite_1.0', ""\tdt_model = sktree.DecisionTreeClassifier( criterion='entropy')""), {'repo_name': 0, 'line': 1}), Row(('BridgitD/school-dropout-predictions', '\ttree = DecisionTreeClassifier(max_depth=5)'), {'repo_name': 0, 'line': 1}), Row(('thorwhalen/ut', '        clf = tree.DecisionTreeClassifier(min_samples_leaf=500)'), {'repo_name': 0, 'line': 1}), Row(('3ll34ndr0/10cur4', ""        clf = tree.DecisionTreeClassifier(criterion='entropy',""), {'repo_name': 0, 'line': 1}), Row(('nave91/miner', ""    clf = tree.DecisionTreeClassifier(min_samples_leaf=args['l'],criterion=args['c'])#,max_depth=5)""), {'repo_name': 0, 'line': 1}), Row(('satyanugraha/classifying-twitter-user-as-resident-or-tourist', 'clf_dt = tree.DecisionTreeClassifier()'), {'repo_name': 0, 'line': 1}), Row(('DillonNovak/Programming-for-Chemical-Engineering-Applications', ""models.append(('CART', DecisionTreeClassifier()))""), {'repo_name': 0, 'line': 1})]"
8,DecisionTreeRegressor,"[Row(('Kleurenprinter/prompred', '            model = DecisionTreeRegressor(max_depth= max_depth, max_features=max_features, min_samples_split = min_samples_split)'), {'repo_name': 0, 'line': 1}), Row(('drpjm/udacity-mle-project1', '    dtr = DecisionTreeRegressor()'), {'repo_name': 0, 'line': 1}), Row(('drpjm/udacity-mle-project1', '        regressor = DecisionTreeRegressor(max_depth=depth)'), {'repo_name': 0, 'line': 1}), Row(('drpjm/udacity-mle-project1', '        regressor = DecisionTreeRegressor(max_depth=d)'), {'repo_name': 0, 'line': 1}), Row(('AntoinePrv/AXA-data-challenge', '#        reg=skl.tree.DecisionTreeRegressor()'), {'repo_name': 0, 'line': 1}), Row(('AntoinePrv/AXA-data-challenge', '#    reg = skl.tree.DecisionTreeRegressor()'), {'repo_name': 0, 'line': 1}), Row(('brotherofken/national_data_science_bowl_2', ""    #return skl.ensemble.AdaBoostRegressor(base_estimator = skl.tree.DecisionTreeRegressor(max_depth=4), n_estimators=1000, learning_rate = 0.1, random_state=0, loss='linear')""), {'repo_name': 0, 'line': 1})]"
9,DictVectorizer,"[Row(('nirizr/rematch', '    dictvect = skl.feature_extraction.DictVectorizer()'), {'repo_name': 0, 'line': 1})]"
10,ElasticNet,"[Row(('reidpr/quac', '      #alg = sk.linear_model.ElasticNet(alpha=1, l1_ratio=0.5)'), {'repo_name': 0, 'line': 1}), Row(('reidpr/quac', '      alg = sk.linear_model.ElasticNetCV(normalize=True, positive=True,'), {'repo_name': 0, 'line': 1}), Row(('nicococo/AdaScreen', '        ScreeningElasticNetPath.__init__(self, alg_screen, solver, path_lb, path_ub, path_steps, path_stepsize, path_scale)'), {'repo_name': 0, 'line': 1}), Row(('nicococo/AdaScreen', 'class ScreeningLassoPath(ScreeningElasticNetPath):'), {'repo_name': 0, 'line': 1}), Row(('nicococo/AdaScreen', '        return ScreeningElasticNetPath.fit(self, X, y, l2=0.0, tol=tol, debug=debug, max_iter=max_iter)'), {'repo_name': 0, 'line': 1}), Row(('fnielsen/everything', '        BayesianRidge, ElasticNet, ElasticNetCV,'), {'repo_name': 0, 'line': 1})]"
11,ElasticNetCV,"[Row(('fnielsen/everything', '        BayesianRidge, ElasticNet, ElasticNetCV,'), {'repo_name': 0, 'line': 1}), Row(('reidpr/quac', '      alg = sk.linear_model.ElasticNetCV(normalize=True, positive=True,'), {'repo_name': 0, 'line': 1})]"
12,ExtraTreesClassifier,"[Row(('Tjorriemorrie/trading', '    rfc = ExtraTreesClassifier('), {'repo_name': 0, 'line': 1}), Row(('Tjorriemorrie/trading', ""    rfc = ExtraTreesClassifier(n_estimators=30, max_features='sqrt')""), {'repo_name': 0, 'line': 1}), Row(('Tjorriemorrie/trading', '    clf = ExtraTreesClassifier('), {'repo_name': 0, 'line': 1}), Row(('ecodan/kaggle-connectomix', '                clf = ExtraTreesClassifier(n_estimators=e, max_features=f, n_jobs=2, verbose=True)'), {'repo_name': 0, 'line': 1}), Row(('AmrARaouf/StumbleUpon-Classification', ""    clf = ensemble.GradientBoostingClassifier(n_estimators=1000, max_depth=2) #ensemble.ExtraTreesClassifier()#ensemble.RandomForestClassifier() #tree.DecisionTreeClassifier()  #skl.linear_model.SGDClassifier(penalty='elasticnet') #svm.NuSVC() #GaussianNB()""), {'repo_name': 0, 'line': 1})]"
13,FeatureUnion,"[Row(('DigitalPig/SmartUnderwriter', 'features = FeatureUnion(['), {'repo_name': 0, 'line': 1}), Row(('DigitalPig/SmartUnderwriter', '# features = FeatureUnion(['), {'repo_name': 0, 'line': 1})]"
14,GMM,"[Row(('stuartsale/marg_iso', '                gmm = MeanCov_GMM(n_components=n_components,'), {'repo_name': 0, 'line': 1}), Row(('stuartsale/marg_iso', '                The maximum size of the GMM (in terms of'), {'repo_name': 0, 'line': 1}), Row(('stuartsale/marg_iso', '            Produce a plot that compares the GMM'), {'repo_name': 0, 'line': 1}), Row(('sbalanovich/APM115Proj1', 'class GMM:'), {'repo_name': 0, 'line': 1})]"
15,GaussianMixture,"[Row(('aimalz/qp', '            estimator = skl.mixture.GaussianMixture(n_components=n_components)'), {'repo_name': 0, 'line': 1})]"
16,GaussianNB,"[Row(('DillonNovak/Programming-for-Chemical-Engineering-Applications', ""models.append(('NB', GaussianNB()))""), {'repo_name': 0, 'line': 1}), Row(('AmrARaouf/StumbleUpon-Classification', ""    clf = ensemble.GradientBoostingClassifier(n_estimators=1000, max_depth=2) #ensemble.ExtraTreesClassifier()#ensemble.RandomForestClassifier() #tree.DecisionTreeClassifier()  #skl.linear_model.SGDClassifier(penalty='elasticnet') #svm.NuSVC() #GaussianNB()""), {'repo_name': 0, 'line': 1})]"
17,GradientBoostingClassifier,"[Row(('pakozm/otto-kaggle', '    model = ensemble.GradientBoostingClassifier(n_estimators=NUM_TREES,'), {'repo_name': 0, 'line': 1}), Row(('jmausolf/HIV_Status', ""\t\t\t\t\t('boosting', GradientBoostingClassifier()),""), {'repo_name': 0, 'line': 1}), Row(('ecodan/kaggle-connectomix', '    clf = GradientBoostingClassifier(n_estimators=200, verbose=True)'), {'repo_name': 0, 'line': 1}), Row(('ecodan/kaggle-connectomix', ""    ''' Best so far - clf = GradientBoostingClassifier(n_estimators=200, verbose=True)""), {'repo_name': 0, 'line': 1}), Row(('ecodan/kaggle-connectomix', '    clf = GradientBoostingClassifier(n_estimators=200, max_features=.75, verbose=True)'), {'repo_name': 0, 'line': 1}), Row(('ecodan/kaggle-connectomix', '                clf = GradientBoostingClassifier(n_estimators=e, max_features=f, verbose=True)'), {'repo_name': 0, 'line': 1}), Row(('ecodan/kaggle-connectomix', '            #             clf = GradientBoostingClassifier(n_estimators=e, max_features=f, verbose=True)'), {'repo_name': 0, 'line': 1}), Row(('DigitalPig/SmartUnderwriter', ""    ('GDB', GradientBoostingClassifier(n_estimators=200, learning_rate=0.5))""), {'repo_name': 0, 'line': 1}), Row(('DigitalPig/SmartUnderwriter', '# GradientBoostingClassifier!'), {'repo_name': 0, 'line': 1}), Row(('cassinius/right-to-forget-data', '  # cls = ensemble.GradientBoostingClassifier(learning_rate=0.1, max_depth=5, verbose=0)'), {'repo_name': 0, 'line': 1}), Row(('AmrARaouf/StumbleUpon-Classification', ""    clf = ensemble.GradientBoostingClassifier(n_estimators=1000, max_depth=2) #ensemble.ExtraTreesClassifier()#ensemble.RandomForestClassifier() #tree.DecisionTreeClassifier()  #skl.linear_model.SGDClassifier(penalty='elasticnet') #svm.NuSVC() #GaussianNB()""), {'repo_name': 0, 'line': 1})]"
18,GradientBoostingRegressor,"[Row(('brotherofken/national_data_science_bowl_2', ""    return skl.ensemble.GradientBoostingRegressor(n_estimators = 1000, learning_rate=0.1, max_depth=4, random_state=0, loss='huber', subsample=1.0)""), {'repo_name': 0, 'line': 1})]"
19,GraphLasso,"[Row(('nicococo/AdaScreen', '    glasso = GraphLasso(alpha=0.005, tol=0.0001, max_iter=1000, verbose=False)'), {'repo_name': 0, 'line': 1}), Row(('nicococo/AdaScreen', ""    plt.title('GraphLasso')""), {'repo_name': 0, 'line': 1})]"
20,GridSearchCV,"[Row(('scidam/leafs', ""# clf = GridSearchCV(SVC(kernel='rbf', class_weight='auto', probability=True), param_grid)""), {'repo_name': 0, 'line': 1}), Row(('sampathweb/bayes_hack', ""    gs = skl.grid_search.GridSearchCV(model, options, scoring='accuracy')""), {'repo_name': 0, 'line': 1}), Row(('akimovmike/model_sweeper', 'gsearch2=GridSearchCV(estimator=XGBClassifier(learning_rate=0.1, n_estimators=140, max_depth=5,\\'), {'repo_name': 0, 'line': 1}), Row(('akimovmike/model_sweeper', 'gsearch1=GridSearchCV(estimator=XGBClassifier(learning_rate=0.1, n_estimators=140, max_depth=5,\\'), {'repo_name': 0, 'line': 1}), Row(('akimovmike/model_sweeper', 'gsearch3=GridSearchCV(estimator=XGBClassifier(learning_rate =0.1, n_estimators=140, max_depth=4,\\'), {'repo_name': 0, 'line': 1}), Row(('drpjm/udacity-mle-project1', '    tuned_dtr = GridSearchCV(dtr, dtr_parameters, mse_scorer)'), {'repo_name': 0, 'line': 1}), Row(('DigitalPig/SmartUnderwriter', '# search_model = GridSearchCV(model3_2,'), {'repo_name': 0, 'line': 1}), Row(('DigitalPig/SmartUnderwriter', ""# search_model4 = GridSearchCV(model4, param_grid=params, cv = 3, scoring='roc_auc')""), {'repo_name': 0, 'line': 1}), Row(('DigitalPig/SmartUnderwriter', ""search_model5 = GridSearchCV(model5, param_grid=params, cv=3, scoring='roc_auc',""), {'repo_name': 0, 'line': 1}), Row(('Chaparqanatoos/kaggle-knowledge', 'estimator = GridSearchCV(pipe,'), {'repo_name': 0, 'line': 1}), Row(('masaki-y/Feature-Extraction-with-Caffe', ""    clf = GridSearchCV(SVC(class_weight='auto'), \\\r""), {'repo_name': 0, 'line': 1}), Row(('masaki-y/Feature-Extraction-with-Caffe', ""    clf = GridSearchCV(RandomForestClassifier(class_weight='auto'), \\\r""), {'repo_name': 0, 'line': 1}), Row(('brotherofken/national_data_science_bowl_2', '    return skl.grid_search.GridSearchCV(skl.svm.SVR(kernel=\'rbf\', gamma=0.1), cv=5, param_grid={""C"": [1e2, 1e3, 1e4, 1e5], ""gamma"": np.logspace(-5, 0, 6)})'), {'repo_name': 0, 'line': 1})]"
21,GridSearchCV,"[Row(('scidam/leafs', ""# clf = GridSearchCV(SVC(kernel='rbf', class_weight='auto', probability=True), param_grid)""), {'repo_name': 0, 'line': 1}), Row(('sampathweb/bayes_hack', ""    gs = skl.grid_search.GridSearchCV(model, options, scoring='accuracy')""), {'repo_name': 0, 'line': 1}), Row(('akimovmike/model_sweeper', 'gsearch2=GridSearchCV(estimator=XGBClassifier(learning_rate=0.1, n_estimators=140, max_depth=5,\\'), {'repo_name': 0, 'line': 1}), Row(('akimovmike/model_sweeper', 'gsearch1=GridSearchCV(estimator=XGBClassifier(learning_rate=0.1, n_estimators=140, max_depth=5,\\'), {'repo_name': 0, 'line': 1}), Row(('akimovmike/model_sweeper', 'gsearch3=GridSearchCV(estimator=XGBClassifier(learning_rate =0.1, n_estimators=140, max_depth=4,\\'), {'repo_name': 0, 'line': 1}), Row(('drpjm/udacity-mle-project1', '    tuned_dtr = GridSearchCV(dtr, dtr_parameters, mse_scorer)'), {'repo_name': 0, 'line': 1}), Row(('DigitalPig/SmartUnderwriter', '# search_model = GridSearchCV(model3_2,'), {'repo_name': 0, 'line': 1}), Row(('DigitalPig/SmartUnderwriter', ""# search_model4 = GridSearchCV(model4, param_grid=params, cv = 3, scoring='roc_auc')""), {'repo_name': 0, 'line': 1}), Row(('DigitalPig/SmartUnderwriter', ""search_model5 = GridSearchCV(model5, param_grid=params, cv=3, scoring='roc_auc',""), {'repo_name': 0, 'line': 1}), Row(('Chaparqanatoos/kaggle-knowledge', 'estimator = GridSearchCV(pipe,'), {'repo_name': 0, 'line': 1}), Row(('masaki-y/Feature-Extraction-with-Caffe', ""    clf = GridSearchCV(SVC(class_weight='auto'), \\\r""), {'repo_name': 0, 'line': 1}), Row(('masaki-y/Feature-Extraction-with-Caffe', ""    clf = GridSearchCV(RandomForestClassifier(class_weight='auto'), \\\r""), {'repo_name': 0, 'line': 1}), Row(('brotherofken/national_data_science_bowl_2', '    return skl.grid_search.GridSearchCV(skl.svm.SVR(kernel=\'rbf\', gamma=0.1), cv=5, param_grid={""C"": [1e2, 1e3, 1e4, 1e5], ""gamma"": np.logspace(-5, 0, 6)})'), {'repo_name': 0, 'line': 1})]"
22,HuberRegressor,"[Row(('Kleurenprinter/prompred', '            model = HuberRegressor(fit_intercept=fitInt, alpha=alpha, epsilon=epsilon)'), {'repo_name': 0, 'line': 1}), Row(('Kleurenprinter/prompred', '            model = make_pipeline(PolynomialFeatures(poly), HuberRegressor(fit_intercept=fitInt, epsilon=epsilon, alpha=alpha))'), {'repo_name': 0, 'line': 1})]"
23,Imputer,"[Row(('fnielsen/everything', '        Imputer, PolynomialFeatures, StandardScaler)'), {'repo_name': 0, 'line': 1}), Row(('palicand/random-forest-wrapper', '        pipe = pip.Pipeline([(""imputer"", prep.Imputer('), {'repo_name': 0, 'line': 1}), Row(('vodev/vocloud-RDF', '        pipe = pip.Pipeline([(""imputer"", prep.Imputer('), {'repo_name': 0, 'line': 1})]"
24,KMeans,"[Row(('rhokgoa/slor', 'kmeans = KMeans(n_clusters=int(os.sys.argv[1]))'), {'repo_name': 0, 'line': 1}), Row(('scidam/leafs', 'y_pred = KMeans(n_clusters=4, max_iter=100000).fit_predict(datat)'), {'repo_name': 0, 'line': 1}), Row(('nilmtk/nilmtk', ""    k_means = KMeans(init='k-means++', n_clusters=n_clusters)""), {'repo_name': 0, 'line': 1}), Row(('thorwhalen/ut', '        self.clus = sk.cluster.MiniBatchKMeans(n_clusters=self.n_clusters)'), {'repo_name': 0, 'line': 1}), Row(('douglaswei/stock', ""        self.model = KMeans(init='k-means++', n_clusters = n_clusters, n_init = 10)""), {'repo_name': 0, 'line': 1}), Row(('douglaswei/stock', '# return KMeans'), {'repo_name': 0, 'line': 1}), Row(('douglaswei/stock', ""    model = KMeans(init='k-means++', n_clusters = n_clusters, n_init = 10)""), {'repo_name': 0, 'line': 1}), Row(('mmottahedi/nilmtk', ""            k_means = KMeans(init='k-means++', n_clusters=n_clusters)""), {'repo_name': 0, 'line': 1}), Row(('akimovmike/model_sweeper', '        self.model = sk.cluster.KMeans(n_clusters=self.n_clusters, n_jobs=-1)'), {'repo_name': 0, 'line': 1}), Row(('jpmora69/Machine-Learning-Project', 'est = cluster.KMeans(n_clusters = k, n_init = 100)'), {'repo_name': 0, 'line': 1})]"
25,KNeighborsClassifier,"[Row(('DillonNovak/Programming-for-Chemical-Engineering-Applications', ""models.append(('KNN', KNeighborsClassifier()))""), {'repo_name': 0, 'line': 1}), Row(('Dispersive-Hydrodynamics-Lab/PACE', ""        self.clf = neighbors.KNeighborsClassifier(k, weights='distance',""), {'repo_name': 0, 'line': 1}), Row(('dvro/ml', ""    knn = KNeighborsClassifier(n_neighbors=k, algorithm='brute')""), {'repo_name': 0, 'line': 1}), Row(('jmausolf/HIV_Status', ""\t\t\t\t\t('k_nearest_neighbors', KNeighborsClassifier()),""), {'repo_name': 0, 'line': 1})]"
26,KNeighborsRegressor,"[Row(('BridgitD/school-dropout-predictions', '\timputer = KNeighborsRegressor(n_neighbors=1)'), {'repo_name': 0, 'line': 1}), Row(('jmausolf/HIV_Status', '\timputer = KNeighborsRegressor(n_neighbors=1)'), {'repo_name': 0, 'line': 1})]"
27,KernelRidge,"[Row(('brotherofken/national_data_science_bowl_2', '    #return skl.kernel_ridge.KernelRidge(alpha=1.0)'), {'repo_name': 0, 'line': 1}), Row(('Kleurenprinter/prompred', '            model = KernelRidge(alpha=alpha, gamma=gamma, kernel=kernel, coef0=coef0)'), {'repo_name': 0, 'line': 1})]"
28,LabelEncoder,"[Row(('scidam/leafs', '# le=LabelEncoder()'), {'repo_name': 0, 'line': 1}), Row(('3ll34ndr0/10cur4', '        enc = LabelEncoder()'), {'repo_name': 0, 'line': 1}), Row(('niketanpansare/incubator-systemml', '        self.le = LabelEncoder()'), {'repo_name': 0, 'line': 1}), Row(('bdwyer2/incubator-systemml', '        self.le = LabelEncoder()'), {'repo_name': 0, 'line': 1}), Row(('gweidner/systemml', '        self.le = LabelEncoder()'), {'repo_name': 0, 'line': 1}), Row(('akchinSTC/systemml', '        self.le = LabelEncoder()'), {'repo_name': 0, 'line': 1}), Row(('asurve/arvind-sysml', '        self.le = LabelEncoder()'), {'repo_name': 0, 'line': 1}), Row(('scidam/leafs', '# le=sk.preprocessing.LabelEncoder()'), {'repo_name': 0, 'line': 1}), Row(('DigitalPig/SmartUnderwriter', '        self.transformer = LabelEncoder()'), {'repo_name': 0, 'line': 1}), Row(('karoldvl/echonet', '            self.encoder = sk.preprocessing.LabelEncoder()'), {'repo_name': 0, 'line': 1}), Row(('cassinius/right-to-forget-data', '              encoders[column] = preprocessing.LabelEncoder()'), {'repo_name': 0, 'line': 1}), Row(('sampathweb/bayes_hack', '            label_encoder[ff] = skl.preprocessing.LabelEncoder()'), {'repo_name': 0, 'line': 1}), Row(('sampathweb/bayes_hack', '                label_encoder[ff] = skl.preprocessing.LabelEncoder()'), {'repo_name': 0, 'line': 1})]"
29,Lars,"[Row(('fnielsen/everything', '        Lasso, LassoLars, LinearRegression, LogisticRegression,'), {'repo_name': 0, 'line': 1})]"
30,Lasso,"[Row(('nicococo/AdaScreen', '    """""" Lasso solver with lambda path and screening. """"""'), {'repo_name': 0, 'line': 1}), Row(('nicococo/AdaScreen', ""    # see RAND-setting in Xiang et al. 'Screening Tests for Lasso Problems', 2014""), {'repo_name': 0, 'line': 1}), Row(('nicococo/AdaScreen', 'class ScreeningLassoPath(ScreeningElasticNetPath):'), {'repo_name': 0, 'line': 1}), Row(('nicococo/AdaScreen', ""    plt.title('GraphLasso')""), {'repo_name': 0, 'line': 1}), Row(('nicococo/AdaScreen', '    glasso = GraphLasso(alpha=0.005, tol=0.0001, max_iter=1000, verbose=False)'), {'repo_name': 0, 'line': 1}), Row(('fnielsen/everything', '        MultiTaskLasso, OrthogonalMatchingPursuit,'), {'repo_name': 0, 'line': 1}), Row(('fnielsen/everything', '        Lasso, LassoLars, LinearRegression, LogisticRegression,'), {'repo_name': 0, 'line': 1}), Row(('Kleurenprinter/prompred', '            model = make_pipeline(PolynomialFeatures(poly), Lasso(alpha= alpha, normalize=normalize))'), {'repo_name': 0, 'line': 1}), Row(('Kleurenprinter/prompred', '            model = Lasso(alpha= alpha, normalize=normalize)'), {'repo_name': 0, 'line': 1}), Row(('AntoinePrv/AXA-data-challenge', '#        reg = sklearn.linear_model.Lasso(max_iter=3000)'), {'repo_name': 0, 'line': 1})]"
31,LassoLars,"[Row(('fnielsen/everything', '        Lasso, LassoLars, LinearRegression, LogisticRegression,'), {'repo_name': 0, 'line': 1})]"
32,LinearDiscriminantAnalysis,"[Row(('fnielsen/everything', '        LinearDiscriminantAnalysis, QuadraticDiscriminantAnalysis)'), {'repo_name': 0, 'line': 1}), Row(('DillonNovak/Programming-for-Chemical-Engineering-Applications', 'lda = LinearDiscriminantAnalysis()'), {'repo_name': 0, 'line': 1}), Row(('DillonNovak/Programming-for-Chemical-Engineering-Applications', ""models.append(('LDA', LinearDiscriminantAnalysis()))""), {'repo_name': 0, 'line': 1})]"
33,LinearRegression,"[Row(('reidpr/quac', '      #alg = sk.linear_model.LinearRegression()'), {'repo_name': 0, 'line': 1}), Row(('tobiagru/ML', 'regr = linear_model.LinearRegression()'), {'repo_name': 0, 'line': 1}), Row(('scidam/leafs', '#mlr=sk.linear_model.LinearRegression(fit_intercept=True,normalize=True)'), {'repo_name': 0, 'line': 1}), Row(('gweidner/systemml', 'class LinearRegression(BaseSystemMLRegressor):'), {'repo_name': 0, 'line': 1}), Row(('gweidner/systemml', '        self.model = self.sc._jvm.org.apache.sysml.api.ml.LinearRegressionModel(self.estimator)'), {'repo_name': 0, 'line': 1}), Row(('gweidner/systemml', ""    >>> regr = LinearRegression(sparkSession, solver='newton-cg')""), {'repo_name': 0, 'line': 1}), Row(('gweidner/systemml', '            self.estimator = self.sc._jvm.org.apache.sysml.api.ml.LinearRegression(self.uid, self.sc._jsc.sc(), solver)'), {'repo_name': 0, 'line': 1}), Row(('gweidner/systemml', ""__all__ = ['LinearRegression', 'LogisticRegression', 'SVM', 'NaiveBayes', 'Caffe2DML']""), {'repo_name': 0, 'line': 1}), Row(('akchinSTC/systemml', 'class LinearRegression(BaseSystemMLRegressor):'), {'repo_name': 0, 'line': 1}), Row(('akchinSTC/systemml', '            self.estimator = self.sc._jvm.org.apache.sysml.api.ml.LinearRegression(self.uid, self.sc._jsc.sc(), solver)'), {'repo_name': 0, 'line': 1}), Row(('akchinSTC/systemml', ""    >>> regr = LinearRegression(sparkSession, solver='newton-cg')""), {'repo_name': 0, 'line': 1}), Row(('akchinSTC/systemml', ""__all__ = ['LinearRegression', 'LogisticRegression', 'SVM', 'NaiveBayes', 'Caffe2DML']""), {'repo_name': 0, 'line': 1}), Row(('akchinSTC/systemml', '        self.model = self.sc._jvm.org.apache.sysml.api.ml.LinearRegressionModel(self.estimator)'), {'repo_name': 0, 'line': 1}), Row(('asurve/arvind-sysml', 'class LinearRegression(BaseSystemMLRegressor):'), {'repo_name': 0, 'line': 1}), Row(('asurve/arvind-sysml', ""__all__ = ['LinearRegression', 'LogisticRegression', 'SVM', 'NaiveBayes']""), {'repo_name': 0, 'line': 1}), Row(('asurve/arvind-sysml', ""    >>> regr = LinearRegression(sqlCtx, solver='newton-cg')""), {'repo_name': 0, 'line': 1}), Row(('asurve/arvind-sysml', '            self.estimator = self.sc._jvm.org.apache.sysml.api.ml.LinearRegression(self.uid, self.sc._jsc.sc(), solver)'), {'repo_name': 0, 'line': 1}), Row(('fnielsen/everything', '        Lasso, LassoLars, LinearRegression, LogisticRegression,'), {'repo_name': 0, 'line': 1}), Row(('crichardson17/AGN_SED', 'linmodel = LinearRegression(fit_intercept = True, normalize = True)'), {'repo_name': 0, 'line': 1}), Row(('mdelhey/kaggle-galaxy', '    model = sk.linear_model.LinearRegression()'), {'repo_name': 0, 'line': 1}), Row(('Kleurenprinter/prompred', '            model = make_pipeline(PolynomialFeatures(poly), LinearRegression(fit_intercept=fit_intercept, normalize=normalize))'), {'repo_name': 0, 'line': 1}), Row(('Kleurenprinter/prompred', '            model = LinearRegression(fit_intercept=fitInt, normalize=normalize)'), {'repo_name': 0, 'line': 1}), Row(('akimovmike/model_sweeper', '        model2 = sk.linear_model.LinearRegression(n_jobs=-1)      '), {'repo_name': 0, 'line': 1}), Row(('akimovmike/model_sweeper', '        model1 = sk.linear_model.LinearRegression(n_jobs=-1)'), {'repo_name': 0, 'line': 1}), Row(('akimovmike/model_sweeper', '        self.model = sk.linear_model.LinearRegression(n_jobs=-1)'), {'repo_name': 0, 'line': 1}), Row(('bdwyer2/incubator-systemml', ""    >>> regr = LinearRegression(sparkSession, solver='newton-cg')""), {'repo_name': 0, 'line': 1}), Row(('bdwyer2/incubator-systemml', '            self.estimator = self.sc._jvm.org.apache.sysml.api.ml.LinearRegression(self.uid, self.sc._jsc.sc(), solver)'), {'repo_name': 0, 'line': 1}), Row(('bdwyer2/incubator-systemml', ""__all__ = ['LinearRegression', 'LogisticRegression', 'SVM', 'NaiveBayes', 'Caffe2DML']""), {'repo_name': 0, 'line': 1}), Row(('bdwyer2/incubator-systemml', 'class LinearRegression(BaseSystemMLRegressor):'), {'repo_name': 0, 'line': 1}), Row(('AntoinePrv/AXA-data-challenge', '    reg = skl.linear_model.LinearRegression()'), {'repo_name': 0, 'line': 1}), Row(('AntoinePrv/AXA-data-challenge', '#        reg = skl.linear_model.LinearRegression()'), {'repo_name': 0, 'line': 1}), Row(('AntoinePrv/AXA-data-challenge', '#    reg = skl.linear_model.LinearRegression()'), {'repo_name': 0, 'line': 1}), Row(('AntoinePrv/AXA-data-challenge', '##    reg = skl.linear_model.LinearRegression()'), {'repo_name': 0, 'line': 1}), Row(('niketanpansare/incubator-systemml', ""    >>> regr = LinearRegression(sparkSession, solver='newton-cg')""), {'repo_name': 0, 'line': 1}), Row(('niketanpansare/incubator-systemml', 'class LinearRegression(BaseSystemMLRegressor):'), {'repo_name': 0, 'line': 1}), Row(('niketanpansare/incubator-systemml', ""__all__ = ['LinearRegression', 'LogisticRegression', 'SVM', 'NaiveBayes']""), {'repo_name': 0, 'line': 1}), Row(('niketanpansare/incubator-systemml', '            self.estimator = self.sc._jvm.org.apache.sysml.api.ml.LinearRegression(self.uid, self.sc._jsc.sc(), solver)'), {'repo_name': 0, 'line': 1}), Row(('brotherofken/national_data_science_bowl_2', 'reg_stack = skl.linear_model.LinearRegression()'), {'repo_name': 0, 'line': 1}), Row(('brotherofken/national_data_science_bowl_2', ""    return skl.ensemble.AdaBoostRegressor(base_estimator = skl.linear_model.LinearRegression(), n_estimators=1000, learning_rate = 0.1, random_state=0, loss='linear')""), {'repo_name': 0, 'line': 1})]"
34,LinearSVC,"[Row(('tobiagru/ML', 'model = LinearSVC()'), {'repo_name': 0, 'line': 1}), Row(('f00barin/sol', ""    clf = sksvm.LinearSVC(loss='l2', penalty='l2', tol=1e-3)""), {'repo_name': 0, 'line': 1}), Row(('trianam/reuTest', 'clf = sl.multiclass.OneVsRestClassifier(sl.svm.LinearSVC(random_state=random_state))'), {'repo_name': 0, 'line': 1}), Row(('charanpald/sandbox', '            self.model = LinearSVC(C=self.C, tol=self.tol, class_weight={-1:1-self.errorCost, 1:self.errorCost}, penalty=self.penalty, dual=False)'), {'repo_name': 0, 'line': 1}), Row(('jmausolf/HIV_Status', ""\t\t\t\t\t('SVM', LinearSVC()),""), {'repo_name': 0, 'line': 1}), Row(('DigitalPig/SmartUnderwriter', ""#     ('LinearSVC', LinearSVC(C=1))""), {'repo_name': 0, 'line': 1}), Row(('DigitalPig/SmartUnderwriter', ""#     ('LinearSVC', LinearSVC(C=1, class_weight='balanced'))""), {'repo_name': 0, 'line': 1}), Row(('DigitalPig/SmartUnderwriter', ""#                             {'LinearSVC__C': np.logspace(-2, 2, 5)}, cv=3,""), {'repo_name': 0, 'line': 1}), Row(('cassinius/right-to-forget-data', '  # cls = svm.LinearSVC()'), {'repo_name': 0, 'line': 1})]"
35,LogisticRegression,"[Row(('woobe/h2o', '    clf2 = LogisticRegression('), {'repo_name': 0, 'line': 1}), Row(('woobe/h2o', '# This seems better than the sklearn LogisticRegression I was using'), {'repo_name': 0, 'line': 1}), Row(('woobe/h2o', '    clf1 = LogisticRegression('), {'repo_name': 0, 'line': 1}), Row(('h2oai/h2o-2', '    clf2 = LogisticRegression('), {'repo_name': 0, 'line': 1}), Row(('h2oai/h2o-2', '    clf1 = LogisticRegression('), {'repo_name': 0, 'line': 1}), Row(('tobiagru/ML', ""regr = linear_model.LogisticRegression(C=0.1,penalty='l1', tol=0.01)""), {'repo_name': 0, 'line': 1}), Row(('rowhit/h2o-2', '# This seems better than the sklearn LogisticRegression I was using'), {'repo_name': 0, 'line': 1}), Row(('iskandr/immuno', '  lr = sklearn.linear_model.LogisticRegression()'), {'repo_name': 0, 'line': 1}), Row(('gweidner/systemml', '    >>> lr = LogisticRegression(sparkSession)'), {'repo_name': 0, 'line': 1}), Row(('gweidner/systemml', ""__all__ = ['LinearRegression', 'LogisticRegression', 'SVM', 'NaiveBayes', 'Caffe2DML']""), {'repo_name': 0, 'line': 1}), Row(('gweidner/systemml', '        self.estimator = self.sc._jvm.org.apache.sysml.api.ml.LogisticRegression(self.uid, self.sc._jsc.sc())'), {'repo_name': 0, 'line': 1}), Row(('gweidner/systemml', '    >>> logistic = LogisticRegression(sparkSession)'), {'repo_name': 0, 'line': 1}), Row(('gweidner/systemml', 'class LogisticRegression(BaseSystemMLClassifier):'), {'repo_name': 0, 'line': 1}), Row(('gweidner/systemml', '        self.model = self.sc._jvm.org.apache.sysml.api.ml.LogisticRegressionModel(self.estimator)'), {'repo_name': 0, 'line': 1}), Row(('akchinSTC/systemml', '    >>> logistic = LogisticRegression(sparkSession)'), {'repo_name': 0, 'line': 1}), Row(('akchinSTC/systemml', '        self.model = self.sc._jvm.org.apache.sysml.api.ml.LogisticRegressionModel(self.estimator)'), {'repo_name': 0, 'line': 1}), Row(('akchinSTC/systemml', ""__all__ = ['LinearRegression', 'LogisticRegression', 'SVM', 'NaiveBayes', 'Caffe2DML']""), {'repo_name': 0, 'line': 1}), Row(('akchinSTC/systemml', 'class LogisticRegression(BaseSystemMLClassifier):'), {'repo_name': 0, 'line': 1}), Row(('akchinSTC/systemml', '    >>> lr = LogisticRegression(sparkSession)'), {'repo_name': 0, 'line': 1}), Row(('akchinSTC/systemml', '        self.estimator = self.sc._jvm.org.apache.sysml.api.ml.LogisticRegression(self.uid, self.sc._jsc.sc())'), {'repo_name': 0, 'line': 1}), Row(('asurve/arvind-sysml', '    >>> logistic = LogisticRegression(sqlCtx)'), {'repo_name': 0, 'line': 1}), Row(('asurve/arvind-sysml', '    >>> lr = LogisticRegression(sqlCtx)'), {'repo_name': 0, 'line': 1}), Row(('asurve/arvind-sysml', '        self.estimator = self.sc._jvm.org.apache.sysml.api.ml.LogisticRegression(self.uid, self.sc._jsc.sc())'), {'repo_name': 0, 'line': 1}), Row(('asurve/arvind-sysml', 'class LogisticRegression(BaseSystemMLClassifier):'), {'repo_name': 0, 'line': 1}), Row(('asurve/arvind-sysml', ""__all__ = ['LinearRegression', 'LogisticRegression', 'SVM', 'NaiveBayes']""), {'repo_name': 0, 'line': 1}), Row(('fnielsen/everything', '        Lasso, LassoLars, LinearRegression, LogisticRegression,'), {'repo_name': 0, 'line': 1}), Row(('jmausolf/HIV_Status', ""\tclassifiers = [('logistic_regression', LogisticRegression()),""), {'repo_name': 0, 'line': 1}), Row(('sampathweb/bayes_hack', '    model = skl.linear_model.LogisticRegression()'), {'repo_name': 0, 'line': 1}), Row(('SoimulPatriei/TMCleaner', '   def fitLogisticRegression (self) :'), {'repo_name': 0, 'line': 1}), Row(('SoimulPatriei/TMCleaner', '        model,ld=models.getLogisticRegression()'), {'repo_name': 0, 'line': 1}), Row(('SoimulPatriei/TMCleaner', '        self.pDict[""classifiedFile""]=self.getNewFile("".classifiedLogisticRegression.txt"")'), {'repo_name': 0, 'line': 1}), Row(('FRESNA/powerplantmatching', '    clf = linear_model.LogisticRegression(  \\'), {'repo_name': 0, 'line': 1}), Row(('ecodan/kaggle-connectomix', ""            clf = LogisticRegression(C=1,penalty='l2', class_weight={0:1,1:4})""), {'repo_name': 0, 'line': 1}), Row(('ecodan/kaggle-connectomix', ""    # clf = LogisticRegression(C=1,penalty='l1', class_weight={0:1,1:8})""), {'repo_name': 0, 'line': 1}), Row(('ecodan/kaggle-connectomix', '        #             clf = LogisticRegression(C=C,penalty=p, class_weight={0:1,1:w})'), {'repo_name': 0, 'line': 1}), Row(('ecodan/kaggle-connectomix', ""            clf = LogisticRegression(C=1,penalty='l1', class_weight={0:1,1:8})""), {'repo_name': 0, 'line': 1}), Row(('ecodan/kaggle-connectomix', '            #             clf = LogisticRegression(C=C,penalty=p, class_weight={0:1,1:w})'), {'repo_name': 0, 'line': 1}), Row(('ecodan/kaggle-connectomix', ""        clf = LogisticRegression(C=1,penalty='l2', class_weight={0:1,1:4})""), {'repo_name': 0, 'line': 1}), Row(('bdwyer2/incubator-systemml', '        self.estimator = self.sc._jvm.org.apache.sysml.api.ml.LogisticRegression(self.uid, self.sc._jsc.sc())'), {'repo_name': 0, 'line': 1}), Row(('bdwyer2/incubator-systemml', '    >>> lr = LogisticRegression(sparkSession)'), {'repo_name': 0, 'line': 1}), Row(('bdwyer2/incubator-systemml', '    >>> logistic = LogisticRegression(sparkSession)'), {'repo_name': 0, 'line': 1}), Row(('bdwyer2/incubator-systemml', 'class LogisticRegression(BaseSystemMLClassifier):'), {'repo_name': 0, 'line': 1}), Row(('bdwyer2/incubator-systemml', ""__all__ = ['LinearRegression', 'LogisticRegression', 'SVM', 'NaiveBayes', 'Caffe2DML']""), {'repo_name': 0, 'line': 1}), Row(('DigitalPig/SmartUnderwriter', ""    ('Logistic', LogisticRegression(C=0.00077426, class_weight='balanced'))""), {'repo_name': 0, 'line': 1}), Row(('cassinius/right-to-forget-data', '      scores = runLogisticRegression(INPUT_CSV + input_file)'), {'repo_name': 0, 'line': 1}), Row(('cassinius/right-to-forget-data', '  cls = linear_model.LogisticRegression()'), {'repo_name': 0, 'line': 1}), Row(('cassinius/right-to-forget-data', 'def runLogisticRegression(input_file):'), {'repo_name': 0, 'line': 1}), Row(('cassinius/right-to-forget-data', '  # cls = linear_model.LogisticRegression()'), {'repo_name': 0, 'line': 1}), Row(('Chaparqanatoos/kaggle-knowledge', 'logistic = linear_model.LogisticRegression()'), {'repo_name': 0, 'line': 1}), Row(('thuzhf/Advanced-Machine-Learning', '            self.logistic_regression_layer = LogisticRegression(self.x, self.n_out)'), {'repo_name': 0, 'line': 1}), Row(('thuzhf/Advanced-Machine-Learning', 'class LogisticRegression(object):'), {'repo_name': 0, 'line': 1}), Row(('thuzhf/Advanced-Machine-Learning', '            self.logistic_regression_layer = LogisticRegression(self.hidden_layers[-1].y, self.n_out)'), {'repo_name': 0, 'line': 1}), Row(('thuzhf/Advanced-Machine-Learning', '    """"""docstring for LogisticRegression""""""'), {'repo_name': 0, 'line': 1}), Row(('niketanpansare/incubator-systemml', '        self.estimator = self.sc._jvm.org.apache.sysml.api.ml.LogisticRegression(self.uid, self.sc._jsc.sc())'), {'repo_name': 0, 'line': 1}), Row(('niketanpansare/incubator-systemml', 'class LogisticRegression(BaseSystemMLClassifier):'), {'repo_name': 0, 'line': 1}), Row(('niketanpansare/incubator-systemml', '    >>> logistic = LogisticRegression(sparkSession)'), {'repo_name': 0, 'line': 1}), Row(('niketanpansare/incubator-systemml', ""__all__ = ['LinearRegression', 'LogisticRegression', 'SVM', 'NaiveBayes']""), {'repo_name': 0, 'line': 1}), Row(('niketanpansare/incubator-systemml', '    >>> lr = LogisticRegression(sparkSession)'), {'repo_name': 0, 'line': 1}), Row(('DillonNovak/Programming-for-Chemical-Engineering-Applications', ""models.append(('LR', LogisticRegression()))""), {'repo_name': 0, 'line': 1}), Row(('DillonNovak/Programming-for-Chemical-Engineering-Applications', 'lr = LogisticRegression()'), {'repo_name': 0, 'line': 1})]"
36,MDS,"[Row(('scidam/leafs', ""#report.add(Text('MDS algorithm',align='center'))""), {'repo_name': 0, 'line': 1}), Row(('scidam/leafs', '#mds=MDS(n_components=2, max_iter=100, n_init=1)'), {'repo_name': 0, 'line': 1})]"
37,MeanShift,"[Row(('nilmtk/nilmtk', '    ms = MeanShift(bin_seeding=True)'), {'repo_name': 0, 'line': 1}), Row(('ratijas/LexiBot', '        ms = MeanShift(bin_seeding=True)'), {'repo_name': 0, 'line': 1}), Row(('smangul1/HapIso', '    ms_vector = learn.cluster.MeanShift(seeds=center).fit_predict(matrix)'), {'repo_name': 0, 'line': 1}), Row(('smangul1/HapIso', '        ms_vector = learn.cluster.MeanShift(seeds=test_center).fit_predict(test_matrix)'), {'repo_name': 0, 'line': 1})]"
38,MinMaxScaler,"[Row(('Tjorriemorrie/trading', 'levels = sk.preprocessing.MinMaxScaler().fit_transform(levels)'), {'repo_name': 0, 'line': 1}), Row(('SoimulPatriei/TMCleaner', '        min_max_scaler = preprocessing.MinMaxScaler(feature_range=(int(minValue),int(maxValue)))'), {'repo_name': 0, 'line': 1})]"
39,MiniBatchKMeans,"[Row(('thorwhalen/ut', '        self.clus = sk.cluster.MiniBatchKMeans(n_clusters=self.n_clusters)'), {'repo_name': 0, 'line': 1})]"
40,MultiTaskLasso,"[Row(('fnielsen/everything', '        MultiTaskLasso, OrthogonalMatchingPursuit,'), {'repo_name': 0, 'line': 1})]"
41,MultinomialNB,"[Row(('benjaminaschultz/shakespeare', '    hk = skl.naive_bayes.MultinomialNB()'), {'repo_name': 0, 'line': 1}), Row(('benjaminaschultz/shakespeare', '    shk = skl.naive_bayes.MultinomialNB()'), {'repo_name': 0, 'line': 1}), Row(('satyanugraha/classifying-twitter-user-as-resident-or-tourist', 'clf_mnb = MultinomialNB()'), {'repo_name': 0, 'line': 1})]"
42,NearestNeighbors,"[Row(('thorwhalen/ut', '        nns = sk.neighbors.NearestNeighbors(n_neighbors=self.n_neighbors)'), {'repo_name': 0, 'line': 1}), Row(('yabebalFantaye/MCEvidence', '            nbrs = NearestNeighbors(n_neighbors=kmax+1, '), {'repo_name': 0, 'line': 1})]"
43,NuSVC,"[Row(('theidentity/lekha_OCR_1.0', '  SVC and NuSVC implement the “one-against-one” approach (Knerr et al., 1990) for multi- class classification. If n_class is the number of classes, then n_class * (n_class - 1) / 2 classifiers are constructed and each one trains data from two classes. To provide a consistent interface with other classifiers, the decision_function_shape option allows to aggregate the results of the “one-against-one” classifiers to a decision function of shape (n_samples, n_classes):'), {'repo_name': 0, 'line': 1}), Row(('AmrARaouf/StumbleUpon-Classification', ""    clf = ensemble.GradientBoostingClassifier(n_estimators=1000, max_depth=2) #ensemble.ExtraTreesClassifier()#ensemble.RandomForestClassifier() #tree.DecisionTreeClassifier()  #skl.linear_model.SGDClassifier(penalty='elasticnet') #svm.NuSVC() #GaussianNB()""), {'repo_name': 0, 'line': 1})]"
44,OneHotEncoder,"[Row(('DynaLite/DynaLite_1.0', '\tenc = OneHotEncoder()'), {'repo_name': 0, 'line': 1}), Row(('3ll34ndr0/10cur4', '        enc = OneHotEncoder()'), {'repo_name': 0, 'line': 1}), Row(('sampathweb/bayes_hack', '        encoder = skl.preprocessing.OneHotEncoder(categorical_features=cat_feature)'), {'repo_name': 0, 'line': 1}), Row(('sampathweb/bayes_hack', '    enc = skl.preprocessing.OneHotEncoder(categorical_features=cat_feature)'), {'repo_name': 0, 'line': 1})]"
45,OneVsRestClassifier,"[Row(('cassinius/right-to-forget-data', '  # cls = OneVsRestClassifier('), {'repo_name': 0, 'line': 1}), Row(('trianam/tests', ""classifier = sklearn.multiclass.OneVsRestClassifier(sklearn.svm.SVC(kernel='linear', probability=True, random_state=random_state))""), {'repo_name': 0, 'line': 1}), Row(('trianam/reuTest', 'clf = sl.multiclass.OneVsRestClassifier(sl.svm.LinearSVC(random_state=random_state))'), {'repo_name': 0, 'line': 1})]"
46,OrthogonalMatchingPursuit,"[Row(('fnielsen/everything', '        MultiTaskLasso, OrthogonalMatchingPursuit,'), {'repo_name': 0, 'line': 1})]"
47,PCA,"[Row(('tobiagru/ML', '""""""pca = PCA(150, \'randomized\','), {'repo_name': 0, 'line': 1}), Row(('scidam/leafs', 'pca = PCA(n_components=50)'), {'repo_name': 0, 'line': 1}), Row(('scidam/leafs', ""#report.add(Text('PCA algorithm',align='center'))""), {'repo_name': 0, 'line': 1}), Row(('scidam/leafs', '        pca = PCA(n_components=2)'), {'repo_name': 0, 'line': 1}), Row(('scidam/leafs', '# pca = RandomizedPCA(n_components=n_components, whiten=True).fit(X_train)'), {'repo_name': 0, 'line': 1}), Row(('sbalanovich/APM115Proj1', '\t\tself.pca = PCA(2)'), {'repo_name': 0, 'line': 1}), Row(('sbalanovich/APM115Proj1', '\t\t\traise ValueError(""PCA Failed Earlier!"")'), {'repo_name': 0, 'line': 1}), Row(('sbalanovich/APM115Proj1', '\t\t\tself.Xpca = skl.decomposition.PCA(2).fit_transform(X)'), {'repo_name': 0, 'line': 1}), Row(('ecodan/kaggle-connectomix', ""        # pca = ProbabilisticPCA(n_components='mle')""), {'repo_name': 0, 'line': 1}), Row(('ecodan/kaggle-connectomix', ""            # pca = PCA(n_components='mle')""), {'repo_name': 0, 'line': 1}), Row(('pprakhar30/EEGSignalAnalysis', '    :param n_components: Number of components in PCA to retain for augmentation'), {'repo_name': 0, 'line': 1}), Row(('pprakhar30/EEGSignalAnalysis', '    :param pca:         Flag for PCA based data augmentation'), {'repo_name': 0, 'line': 1}), Row(('MasterofKnuth/Nanoinformatics', 'mod=PCA(n_components=3)'), {'repo_name': 0, 'line': 1}), Row(('Chaparqanatoos/kaggle-knowledge', 'pca = decomposition.PCA()'), {'repo_name': 0, 'line': 1}), Row(('Chaparqanatoos/kaggle-knowledge', '# Plot the PCA spectrum'), {'repo_name': 0, 'line': 1}), Row(('DillonNovak/Programming-for-Chemical-Engineering-Applications', '# ### PCA Analysis'), {'repo_name': 0, 'line': 1}), Row(('DillonNovak/Programming-for-Chemical-Engineering-Applications', 'pca = PCA(n_components=3)'), {'repo_name': 0, 'line': 1})]"
48,PassiveAggressiveClassifier,"[Row(('fnielsen/everything', '        PassiveAggressiveClassifier, PassiveAggressiveRegressor,'), {'repo_name': 0, 'line': 1})]"
49,PassiveAggressiveRegressor,"[Row(('fnielsen/everything', '        PassiveAggressiveClassifier, PassiveAggressiveRegressor,'), {'repo_name': 0, 'line': 1})]"
50,Perceptron,"[Row(('fnielsen/everything', '        Perceptron, RANSACRegressor,'), {'repo_name': 0, 'line': 1}), Row(('f00barin/sol', '    clf = sklm.Perceptron(n_iter=100)'), {'repo_name': 0, 'line': 1})]"
51,Pipeline,"[Row(('niketanpansare/incubator-systemml', '    MLPipeline way'), {'repo_name': 0, 'line': 1}), Row(('asurve/arvind-sysml', '    MLPipeline way'), {'repo_name': 0, 'line': 1}), Row(('akchinSTC/systemml', '    MLPipeline way'), {'repo_name': 0, 'line': 1}), Row(('gweidner/systemml', '    MLPipeline way'), {'repo_name': 0, 'line': 1}), Row(('bdwyer2/incubator-systemml', '    MLPipeline way'), {'repo_name': 0, 'line': 1}), Row(('DigitalPig/SmartUnderwriter', 'model2 = Pipeline(['), {'repo_name': 0, 'line': 1}), Row(('DigitalPig/SmartUnderwriter', 'model4 = Pipeline(['), {'repo_name': 0, 'line': 1}), Row(('DigitalPig/SmartUnderwriter', 'model5 = Pipeline(['), {'repo_name': 0, 'line': 1}), Row(('DigitalPig/SmartUnderwriter', '# model3 = Pipeline(['), {'repo_name': 0, 'line': 1}), Row(('DigitalPig/SmartUnderwriter', '# model3_2 = Pipeline(['), {'repo_name': 0, 'line': 1}), Row(('BridgitD/school-dropout-predictions', '##\tMachine Learning Pipeline \t##'), {'repo_name': 0, 'line': 1}), Row(('palicand/random-forest-wrapper', '        pipe = pip.Pipeline([(""imputer"", prep.Imputer('), {'repo_name': 0, 'line': 1}), Row(('vodev/vocloud-RDF', '        pipe = pip.Pipeline([(""imputer"", prep.Imputer('), {'repo_name': 0, 'line': 1}), Row(('Chaparqanatoos/kaggle-knowledge', ""pipe = Pipeline(steps=[('pca', pca), ('logistic', logistic)])""), {'repo_name': 0, 'line': 1}), Row(('asurve/arvind-sysml', '    >>> pipeline = Pipeline(stages=[tokenizer, hashingTF, lr])'), {'repo_name': 0, 'line': 1}), Row(('bdwyer2/incubator-systemml', '    >>> pipeline = Pipeline(stages=[tokenizer, hashingTF, lr])'), {'repo_name': 0, 'line': 1}), Row(('akchinSTC/systemml', '    >>> pipeline = Pipeline(stages=[tokenizer, hashingTF, lr])'), {'repo_name': 0, 'line': 1}), Row(('gweidner/systemml', '    >>> pipeline = Pipeline(stages=[tokenizer, hashingTF, lr])'), {'repo_name': 0, 'line': 1}), Row(('niketanpansare/incubator-systemml', '    >>> pipeline = Pipeline(stages=[tokenizer, hashingTF, lr])'), {'repo_name': 0, 'line': 1}), Row(('gweidner/systemml', '                # No need to assemble as input DF is likely coming via MLPipeline'), {'repo_name': 0, 'line': 1}), Row(('bdwyer2/incubator-systemml', '                # No need to assemble as input DF is likely coming via MLPipeline'), {'repo_name': 0, 'line': 1}), Row(('akchinSTC/systemml', '                # No need to assemble as input DF is likely coming via MLPipeline'), {'repo_name': 0, 'line': 1}), Row(('asurve/arvind-sysml', '                # No need to assemble as input DF is likely coming via MLPipeline'), {'repo_name': 0, 'line': 1}), Row(('niketanpansare/incubator-systemml', '                # No need to assemble as input DF is likely coming via MLPipeline'), {'repo_name': 0, 'line': 1}), Row(('annavicente/Tatooine', ""\tclf = Pipeline([('scaler', preprocessing.StandardScaler()),('linear_model', SGDClassifier())]) #--> StandardScaler : Padroniza recursos, removendo a media e escalando para variancia unitaria""), {'repo_name': 0, 'line': 1})]"
52,PolynomialFeatures,"[Row(('fnielsen/everything', '        Imputer, PolynomialFeatures, StandardScaler)'), {'repo_name': 0, 'line': 1}), Row(('crichardson17/AGN_SED', 'poly = skl.preprocessing.PolynomialFeatures(degree = 2)'), {'repo_name': 0, 'line': 1}), Row(('Kleurenprinter/prompred', '            model = make_pipeline(PolynomialFeatures(poly), LinearRegression(fit_intercept=fit_intercept, normalize=normalize))'), {'repo_name': 0, 'line': 1}), Row(('Kleurenprinter/prompred', '            model = make_pipeline(PolynomialFeatures(poly), HuberRegressor(fit_intercept=fitInt, epsilon=epsilon, alpha=alpha))'), {'repo_name': 0, 'line': 1}), Row(('Kleurenprinter/prompred', '            model = make_pipeline(PolynomialFeatures(poly), Lasso(alpha= alpha, normalize=normalize))'), {'repo_name': 0, 'line': 1}), Row(('Kleurenprinter/prompred', '            model = make_pipeline(PolynomialFeatures(poly), Ridge(alpha= alpha, normalize=normalize))'), {'repo_name': 0, 'line': 1})]"
53,QuadraticDiscriminantAnalysis,"[Row(('fnielsen/everything', '        LinearDiscriminantAnalysis, QuadraticDiscriminantAnalysis)'), {'repo_name': 0, 'line': 1})]"
54,RANSACRegressor,"[Row(('fnielsen/everything', '        Perceptron, RANSACRegressor,'), {'repo_name': 0, 'line': 1})]"
55,RandomForestClassifier,"[Row(('iskandr/immuno', '  rf = sklearn.ensemble.RandomForestClassifier(n_trees)'), {'repo_name': 0, 'line': 1}), Row(('vodev/vocloud-RDF', '                instance = ensemble.RandomForestClassifier(n_estimators=config.trees, '), {'repo_name': 0, 'line': 1}), Row(('vodev/vocloud-RDF', '                instance = hybridforest.RandomForestClassifier(n_estimators=config.trees, '), {'repo_name': 0, 'line': 1}), Row(('pakozm/otto-kaggle', '    model = ensemble.RandomForestClassifier(n_estimators=NUM_TREES,'), {'repo_name': 0, 'line': 1}), Row(('jmausolf/HIV_Status', ""\t\t\t\t\t('random_forest', RandomForestClassifier()),""), {'repo_name': 0, 'line': 1}), Row(('jmausolf/HIV_Status', '\tclf = RandomForestClassifier()'), {'repo_name': 0, 'line': 1}), Row(('Tjorriemorrie/trading', '    # rfc = RandomForestClassifier(n_estimators=30)'), {'repo_name': 0, 'line': 1}), Row(('Kleurenprinter/prompred', '            model = RandomForestClassifier(n_estimators = n_estimators, max_depth = max_depth, max_features= max_features, min_samples_split = min_samples_split, n_jobs=n_jobs)'), {'repo_name': 0, 'line': 1}), Row(('ecodan/kaggle-connectomix', '            # clf = RandomForestClassifier(n_estimators=10, max_features=.5)'), {'repo_name': 0, 'line': 1}), Row(('ecodan/kaggle-connectomix', '        # clf = RandomForestClassifier(n_estimators=10, max_features=.5)'), {'repo_name': 0, 'line': 1}), Row(('ecodan/kaggle-connectomix', '        #             clf = RandomForestClassifier(n_estimators=e,criterion=c, max_features=f)'), {'repo_name': 0, 'line': 1}), Row(('ecodan/kaggle-connectomix', '            #             clf = RandomForestClassifier(n_estimators=e,criterion=c, max_features=f)'), {'repo_name': 0, 'line': 1}), Row(('cassinius/right-to-forget-data', '  cls = ensemble.RandomForestClassifier(n_estimators=100, criterion=""gini"", max_features=None, verbose=0, n_jobs=-1)'), {'repo_name': 0, 'line': 1}), Row(('palicand/random-forest-wrapper', '                instance = ensemble.RandomForestClassifier(n_estimators=config.trees, '), {'repo_name': 0, 'line': 1}), Row(('palicand/random-forest-wrapper', '                instance = hybridforest.RandomForestClassifier(n_estimators=config.trees, '), {'repo_name': 0, 'line': 1}), Row(('BridgitD/school-dropout-predictions', '\tclf = RandomForestClassifier()'), {'repo_name': 0, 'line': 1}), Row(('AmrARaouf/StumbleUpon-Classification', ""    clf = ensemble.GradientBoostingClassifier(n_estimators=1000, max_depth=2) #ensemble.ExtraTreesClassifier()#ensemble.RandomForestClassifier() #tree.DecisionTreeClassifier()  #skl.linear_model.SGDClassifier(penalty='elasticnet') #svm.NuSVC() #GaussianNB()""), {'repo_name': 0, 'line': 1}), Row(('masaki-y/Feature-Extraction-with-Caffe', ""    clf = GridSearchCV(RandomForestClassifier(class_weight='auto'), \\\r""), {'repo_name': 0, 'line': 1}), Row(('masaki-y/Feature-Extraction-with-Caffe', 'clf = RandomForestClassifier( \\\r'), {'repo_name': 0, 'line': 1})]"
56,RandomForestRegressor,"[Row(('Tjorriemorrie/trading', 'rfr = RandomForestRegressor('), {'repo_name': 0, 'line': 1}), Row(('AntoinePrv/AXA-data-challenge', '    reg = RandomForestRegressor()'), {'repo_name': 0, 'line': 1}), Row(('AntoinePrv/AXA-data-challenge', '##    reg = RandomForestRegressor()'), {'repo_name': 0, 'line': 1}), Row(('AntoinePrv/AXA-data-challenge', '        reg = RandomForestRegressor()'), {'repo_name': 0, 'line': 1}), Row(('sampathweb/bayes_hack', '    model = skl.ensemble.RandomForestRegressor()'), {'repo_name': 0, 'line': 1}), Row(('sampathweb/bayes_hack', '    #model = skl.ensemble.RandomForestRegressor()'), {'repo_name': 0, 'line': 1}), Row(('vodev/vocloud-RDF', '                instance = ensemble.RandomForestRegressor(n_estimators=config.trees,'), {'repo_name': 0, 'line': 1}), Row(('palicand/random-forest-wrapper', '                instance = ensemble.RandomForestRegressor(n_estimators=config.trees,'), {'repo_name': 0, 'line': 1}), Row(('Kleurenprinter/prompred', '            model = RandomForestRegressor(n_estimators = n_estimators, max_depth = max_depth, max_features= max_features, min_samples_split = min_samples_split, n_jobs=n_jobs)'), {'repo_name': 0, 'line': 1})]"
57,RandomizedPCA,"[Row(('scidam/leafs', '# pca = RandomizedPCA(n_components=n_components, whiten=True).fit(X_train)'), {'repo_name': 0, 'line': 1})]"
58,Ridge,"[Row(('reidpr/quac', '      alg = sk.linear_model.RidgeCV(np.logspace(-5, 1, 20))'), {'repo_name': 0, 'line': 1}), Row(('f00barin/sol', '    clf = sklm.RidgeClassifier(tol=1e-2, solver=""lsqr"")'), {'repo_name': 0, 'line': 1}), Row(('antoinecarme/pyaf', '        pred = self.mTrendRidge.predict(inputs)'), {'repo_name': 0, 'line': 1}), Row(('antoinecarme/pyaf', '        df[self.mOutName] = self.mTrendRidge.predict(inputs)'), {'repo_name': 0, 'line': 1}), Row(('antoinecarme/pyaf', '        self.mTrendFrame[self.mOutName] = self.mTrendRidge.predict(inputs)'), {'repo_name': 0, 'line': 1}), Row(('antoinecarme/pyaf', '        self.mTrendRidge = linear_model.Ridge()'), {'repo_name': 0, 'line': 1}), Row(('antoinecarme/pyaf', '        self.mTrendRidge.fit(est_inputs, est_target)'), {'repo_name': 0, 'line': 1}), Row(('antoinecarme/pyaf', '        Y_pred = self.mTrendRidge.predict(df.values)'), {'repo_name': 0, 'line': 1}), Row(('antoinecarme/pyaf', '        self.mTrendRidge.score(est_inputs, est_target)'), {'repo_name': 0, 'line': 1}), Row(('fnielsen/everything', '        Ridge, RidgeClassifierCV, RidgeCV,'), {'repo_name': 0, 'line': 1}), Row(('fnielsen/everything', '        BayesianRidge, ElasticNet, ElasticNetCV,'), {'repo_name': 0, 'line': 1}), Row(('mdelhey/kaggle-galaxy', '    #clf = sk.linear_model.RidgeCV(alphas = lam_range)'), {'repo_name': 0, 'line': 1}), Row(('mdelhey/kaggle-galaxy', '    #model = sk.linear_model.Ridge(alpha = lam)'), {'repo_name': 0, 'line': 1}), Row(('mdelhey/kaggle-galaxy', ""    model = sk.linear_model.Ridge(alpha = lam, solver = 'svd')""), {'repo_name': 0, 'line': 1}), Row(('Kleurenprinter/prompred', '            model = make_pipeline(PolynomialFeatures(poly), Ridge(alpha= alpha, normalize=normalize))'), {'repo_name': 0, 'line': 1}), Row(('Kleurenprinter/prompred', '            model = KernelRidge(alpha=alpha, gamma=gamma, kernel=kernel, coef0=coef0)'), {'repo_name': 0, 'line': 1}), Row(('Kleurenprinter/prompred', '            model = Ridge(alpha= alpha, normalize=normalize)'), {'repo_name': 0, 'line': 1}), Row(('akimovmike/model_sweeper', '        model = sk.linear_model.Ridge()'), {'repo_name': 0, 'line': 1}), Row(('cajohnst/Optimized_FX_Portfolio', '\t4. Ridge Regression'), {'repo_name': 0, 'line': 1}), Row(('cajohnst/Optimized_FX_Portfolio', '#Predict Returns based on Ridge Regression Estimates'), {'repo_name': 0, 'line': 1}), Row(('cajohnst/Optimized_FX_Portfolio', '\t\tclf = Ridge(alpha=0.1, normalize = True)'), {'repo_name': 0, 'line': 1}), Row(('brotherofken/national_data_science_bowl_2', '    return skl.linear_model.Ridge(alpha = 0.001, normalize = True)'), {'repo_name': 0, 'line': 1}), Row(('brotherofken/national_data_science_bowl_2', '    #return skl.kernel_ridge.KernelRidge(alpha=1.0)'), {'repo_name': 0, 'line': 1})]"
59,RidgeCV,"[Row(('fnielsen/everything', '        Ridge, RidgeClassifierCV, RidgeCV,'), {'repo_name': 0, 'line': 1}), Row(('reidpr/quac', '      alg = sk.linear_model.RidgeCV(np.logspace(-5, 1, 20))'), {'repo_name': 0, 'line': 1}), Row(('mdelhey/kaggle-galaxy', '    #clf = sk.linear_model.RidgeCV(alphas = lam_range)'), {'repo_name': 0, 'line': 1})]"
60,RidgeClassifier,"[Row(('fnielsen/everything', '        Ridge, RidgeClassifierCV, RidgeCV,'), {'repo_name': 0, 'line': 1}), Row(('f00barin/sol', '    clf = sklm.RidgeClassifier(tol=1e-2, solver=""lsqr"")'), {'repo_name': 0, 'line': 1})]"
61,RidgeClassifierCV,"[Row(('fnielsen/everything', '        Ridge, RidgeClassifierCV, RidgeCV,'), {'repo_name': 0, 'line': 1})]"
62,SGDClassifier,"[Row(('DigitalPig/SmartUnderwriter', ""    ('SGD', SGDClassifier(loss='hinge', class_weight='balanced'))""), {'repo_name': 0, 'line': 1}), Row(('AmrARaouf/StumbleUpon-Classification', ""    clf = ensemble.GradientBoostingClassifier(n_estimators=1000, max_depth=2) #ensemble.ExtraTreesClassifier()#ensemble.RandomForestClassifier() #tree.DecisionTreeClassifier()  #skl.linear_model.SGDClassifier(penalty='elasticnet') #svm.NuSVC() #GaussianNB()""), {'repo_name': 0, 'line': 1}), Row(('annavicente/Tatooine', '\tclf = SGDClassifier() #--> Gradiente'), {'repo_name': 0, 'line': 1}), Row(('annavicente/Tatooine', ""\tclf = Pipeline([('scaler', preprocessing.StandardScaler()),('linear_model', SGDClassifier())]) #--> StandardScaler : Padroniza recursos, removendo a media e escalando para variancia unitaria""), {'repo_name': 0, 'line': 1}), Row(('f00barin/sol', ""    clf = sklm.SGDClassifier(alpha=0.0001, n_iter=100, penalty='l2')""), {'repo_name': 0, 'line': 1}), Row(('fnielsen/everything', '        SGDClassifier, SGDRegressor, TheilSenRegressor)'), {'repo_name': 0, 'line': 1})]"
63,SGDRegressor,"[Row(('fnielsen/everything', '        SGDClassifier, SGDRegressor, TheilSenRegressor)'), {'repo_name': 0, 'line': 1})]"
64,SVC,"[Row(('tobiagru/ML', 'model = LinearSVC()'), {'repo_name': 0, 'line': 1}), Row(('f00barin/sol', ""    clf = sksvm.LinearSVC(loss='l2', penalty='l2', tol=1e-3)""), {'repo_name': 0, 'line': 1}), Row(('scidam/leafs', ""# clf = GridSearchCV(SVC(kernel='rbf', class_weight='auto', probability=True), param_grid)""), {'repo_name': 0, 'line': 1}), Row(('scidam/leafs', ""#rbf_svc = sk.svm.SVC(kernel='rbf', gamma=0.8, C=1000.0).fit(X_train, y_train)""), {'repo_name': 0, 'line': 1}), Row(('eranroz/heocr', ""    clf = SVC(kernel='linear')""), {'repo_name': 0, 'line': 1}), Row(('eranroz/heocr', '    clf = svm.SVC()'), {'repo_name': 0, 'line': 1}), Row(('eranroz/heocr', ""    svc_1 = SVC(kernel='linear')""), {'repo_name': 0, 'line': 1}), Row(('eranroz/heocr', ""    svc_2 = SVC(kernel='linear')""), {'repo_name': 0, 'line': 1}), Row(('trianam/tests', ""classifier = sklearn.multiclass.OneVsRestClassifier(sklearn.svm.SVC(kernel='linear', probability=True, random_state=random_state))""), {'repo_name': 0, 'line': 1}), Row(('trianam/reuTest', 'clf = sl.multiclass.OneVsRestClassifier(sl.svm.LinearSVC(random_state=random_state))'), {'repo_name': 0, 'line': 1}), Row(('SeyVu/ml_sandbox', '    # estimator = SVC'), {'repo_name': 0, 'line': 1}), Row(('charanpald/sandbox', '    def __init__(self, kernel=\'linear\', kernelParam=0.1, C=1.0, cost=0.5, type=""C_SVC"", processes=None, epsilon=0.001, penalty=""l2""):'), {'repo_name': 0, 'line': 1}), Row(('charanpald/sandbox', '        if self.getType() == ""C_SVC"":'), {'repo_name': 0, 'line': 1}), Row(('charanpald/sandbox', '            self.model = LinearSVC(C=self.C, tol=self.tol, class_weight={-1:1-self.errorCost, 1:self.errorCost}, penalty=self.penalty, dual=False)'), {'repo_name': 0, 'line': 1}), Row(('charanpald/sandbox', '        if self.penalty == ""l1"" and (self.type != ""C_SVC"" or self.kernel != ""linear""):'), {'repo_name': 0, 'line': 1}), Row(('charanpald/sandbox', '        elif self.type == ""C_SVC"" and self.penalty == ""l2"":'), {'repo_name': 0, 'line': 1}), Row(('charanpald/sandbox', '        elif self.type == ""C_SVC"" and self.penalty == ""l1"":'), {'repo_name': 0, 'line': 1}), Row(('charanpald/sandbox', '    def parallelVfcvRbf(self, X, y, idx, type=""C_SVC""):'), {'repo_name': 0, 'line': 1}), Row(('charanpald/sandbox', '        if type==""C_SVC"":'), {'repo_name': 0, 'line': 1}), Row(('charanpald/sandbox', '    def parallelVfPenRbf(self, X, y, idx, Cvs, type=""C_SVC""):'), {'repo_name': 0, 'line': 1}), Row(('charanpald/sandbox', '    def parallelPenaltyGridRbf(self, trainX, trainY, fullX, fullY, type=""C_SVC""):'), {'repo_name': 0, 'line': 1}), Row(('charanpald/sandbox', '            self.model = SVC(C=self.C, kernel=self.kernel, degree=self.kernelParam, gamma=self.kernelParam, tol=self.tol, class_weight={-1:1-self.errorCost, 1:self.errorCost})'), {'repo_name': 0, 'line': 1}), Row(('charanpald/sandbox', '            raise ValueError(""Must be linear SVC for l1 loss"")'), {'repo_name': 0, 'line': 1}), Row(('charanpald/sandbox', '        Set the type as ""Epsilon_SVR"" or ""C_SVC""'), {'repo_name': 0, 'line': 1}), Row(('jmausolf/HIV_Status', ""\t\t\t\t\t('SVM', LinearSVC()),""), {'repo_name': 0, 'line': 1}), Row(('Kleurenprinter/prompred', '            model = SVC(C=C, kernel=kernel, gamma=gamma, coef0=coef0, degree=poly)'), {'repo_name': 0, 'line': 1}), Row(('Kleurenprinter/prompred', ""        ['ridge',  'SVC', 'SVR', OLS', 'lasso', 'huber', 'treeReg', 'treeClass', 'forestReg', 'forestClass']""), {'repo_name': 0, 'line': 1}), Row(('Kleurenprinter/prompred', '        if modelType == ""SVC"":'), {'repo_name': 0, 'line': 1}), Row(('ecodan/kaggle-connectomix', ""    # clf = SVC(C=1, kernel='poly')""), {'repo_name': 0, 'line': 1}), Row(('theidentity/lekha_OCR_1.0', ""\tclf = svm.SVC(decision_function_shape='ovo')""), {'repo_name': 0, 'line': 1}), Row(('theidentity/lekha_OCR_1.0', '\t                    svm_type = cv2.SVM_C_SVC,'), {'repo_name': 0, 'line': 1}), Row(('theidentity/lekha_OCR_1.0', "">>> clf = svm.SVC(decision_function_shape='ovo')""), {'repo_name': 0, 'line': 1}), Row(('theidentity/lekha_OCR_1.0', '  SVC and NuSVC implement the “one-against-one” approach (Knerr et al., 1990) for multi- class classification. If n_class is the number of classes, then n_class * (n_class - 1) / 2 classifiers are constructed and each one trains data from two classes. To provide a consistent interface with other classifiers, the decision_function_shape option allows to aggregate the results of the “one-against-one” classifiers to a decision function of shape (n_samples, n_classes):'), {'repo_name': 0, 'line': 1}), Row(('theidentity/lekha_OCR_1.0', 'SVC(C=1.0, cache_size=200, class_weight=None, coef0=0.0,'), {'repo_name': 0, 'line': 1}), Row(('theidentity/lekha_OCR_1.0', '\tSVC(C=1.0, cache_size=200, class_weight=None, coef0=0.0,'), {'repo_name': 0, 'line': 1}), Row(('DigitalPig/SmartUnderwriter', ""#     ('LinearSVC', LinearSVC(C=1))""), {'repo_name': 0, 'line': 1}), Row(('DigitalPig/SmartUnderwriter', ""#                             {'LinearSVC__C': np.logspace(-2, 2, 5)}, cv=3,""), {'repo_name': 0, 'line': 1}), Row(('DigitalPig/SmartUnderwriter', ""# with open('SVC.dill', 'wb') as f:""), {'repo_name': 0, 'line': 1}), Row(('DigitalPig/SmartUnderwriter', '# This python file is to calculate SVC classification using Fannie Mae data'), {'repo_name': 0, 'line': 1}), Row(('DigitalPig/SmartUnderwriter', '# # Grid search of SVC'), {'repo_name': 0, 'line': 1}), Row(('DigitalPig/SmartUnderwriter', ""#     ('LinearSVC', LinearSVC(C=1, class_weight='balanced'))""), {'repo_name': 0, 'line': 1}), Row(('cassinius/right-to-forget-data', '  # cls = svm.SVC(kernel=""rbf"", verbose=2)'), {'repo_name': 0, 'line': 1}), Row(('cassinius/right-to-forget-data', '  # LINEAR SVC'), {'repo_name': 0, 'line': 1}), Row(('cassinius/right-to-forget-data', ""  #   BaggingClassifier(SVC(kernel='linear', probability=True, class_weight='balanced'), max_samples=1.0 / n_estimators,""), {'repo_name': 0, 'line': 1}), Row(('cassinius/right-to-forget-data', '  # SVC'), {'repo_name': 0, 'line': 1}), Row(('cassinius/right-to-forget-data', '  # cls = svm.LinearSVC()'), {'repo_name': 0, 'line': 1}), Row(('Chaparqanatoos/kaggle-knowledge', ""svc_1 = SVC(kernel='linear')""), {'repo_name': 0, 'line': 1}), Row(('Chaparqanatoos/kaggle-knowledge', 'clf = svm.SVC(gamma=0.001, C=100.)'), {'repo_name': 0, 'line': 1}), Row(('AmrARaouf/StumbleUpon-Classification', ""    clf = ensemble.GradientBoostingClassifier(n_estimators=1000, max_depth=2) #ensemble.ExtraTreesClassifier()#ensemble.RandomForestClassifier() #tree.DecisionTreeClassifier()  #skl.linear_model.SGDClassifier(penalty='elasticnet') #svm.NuSVC() #GaussianNB()""), {'repo_name': 0, 'line': 1}), Row(('masaki-y/Feature-Extraction-with-Caffe', ""    clf = GridSearchCV(SVC(class_weight='auto'), \\\r""), {'repo_name': 0, 'line': 1}), Row(('masaki-y/Feature-Extraction-with-Caffe', ""clf = SVC(C=10.0, gamma=1e-6, class_weight='auto')\r""), {'repo_name': 0, 'line': 1}), Row(('satyanugraha/classifying-twitter-user-as-resident-or-tourist', 'clf_svc = SVC()  '), {'repo_name': 0, 'line': 1}), Row(('DillonNovak/Programming-for-Chemical-Engineering-Applications', ""models.append(('SVM', SVC()))""), {'repo_name': 0, 'line': 1})]"
65,SVR,"[Row(('charanpald/sandbox', '            self.model = SVR(C=self.C, kernel=self.kernel, degree=self.kernelParam, gamma=self.kernelParam, epsilon=self.epsilon, tol=self.tol)'), {'repo_name': 0, 'line': 1}), Row(('charanpald/sandbox', '        if self.type == ""Epsilon_SVR"" and self.penalty == ""l2"":'), {'repo_name': 0, 'line': 1}), Row(('charanpald/sandbox', '        Set the type as ""Epsilon_SVR"" or ""C_SVC""'), {'repo_name': 0, 'line': 1}), Row(('mdelhey/kaggle-galaxy', ""    model = SVR(kernel = 'linear', C=1/lam)""), {'repo_name': 0, 'line': 1}), Row(('Kleurenprinter/prompred', ""        ['ridge',  'SVC', 'SVR', OLS', 'lasso', 'huber', 'treeReg', 'treeClass', 'forestReg', 'forestClass']""), {'repo_name': 0, 'line': 1}), Row(('Kleurenprinter/prompred', '        if modelType == ""SVR"":'), {'repo_name': 0, 'line': 1}), Row(('Kleurenprinter/prompred', '            model = SVR(C=C, kernel=kernel, gamma=gamma, coef0=coef0, epsilon=epsilon, degree=poly)'), {'repo_name': 0, 'line': 1}), Row(('brotherofken/national_data_science_bowl_2', '    return skl.grid_search.GridSearchCV(skl.svm.SVR(kernel=\'rbf\', gamma=0.1), cv=5, param_grid={""C"": [1e2, 1e3, 1e4, 1e5], ""gamma"": np.logspace(-5, 0, 6)})'), {'repo_name': 0, 'line': 1})]"
66,SelectFromModel,"[Row(('tobiagru/ML', 'sfm = SelectFromModel(regr)'), {'repo_name': 0, 'line': 1})]"
67,SelectPercentile,"[Row(('dchad/malware-detection', '    fsp = SelectPercentile(chi2, percentage)'), {'repo_name': 0, 'line': 1})]"
68,StandardScaler,"[Row(('scidam/leafs', '# X = sk.preprocessing.StandardScaler().fit_transform(allpars)'), {'repo_name': 0, 'line': 1}), Row(('SeyVu/ml_sandbox', '        scaler = StandardScaler()'), {'repo_name': 0, 'line': 1}), Row(('fnielsen/everything', '        Imputer, PolynomialFeatures, StandardScaler)'), {'repo_name': 0, 'line': 1}), Row(('annavicente/Tatooine', ""\tclf = Pipeline([('scaler', preprocessing.StandardScaler()),('linear_model', SGDClassifier())]) #--> StandardScaler : Padroniza recursos, removendo a media e escalando para variancia unitaria""), {'repo_name': 0, 'line': 1}), Row(('annavicente/Tatooine', '\tscaler = preprocessing.StandardScaler().fit(x_train) #--> calcula a media e o desvio padrao para ser usado mais tarde para o dimensionamento '), {'repo_name': 0, 'line': 1}), Row(('SoimulPatriei/TMCleaner', '        scaler = preprocessing.StandardScaler().fit(X)'), {'repo_name': 0, 'line': 1}), Row(('ecodan/kaggle-connectomix', '        scaler = pre.StandardScaler()'), {'repo_name': 0, 'line': 1}), Row(('ecodan/kaggle-connectomix', '    scaler = pre.StandardScaler()'), {'repo_name': 0, 'line': 1}), Row(('ecodan/kaggle-connectomix', '            scaler = pre.StandardScaler()'), {'repo_name': 0, 'line': 1}), Row(('DigitalPig/SmartUnderwriter', ""    ('scale', StandardScaler()),""), {'repo_name': 0, 'line': 1}), Row(('PMitura/smiles-neural-network', ""        meta['scaler'] = sk.preprocessing.StandardScaler()""), {'repo_name': 0, 'line': 1}), Row(('cassinius/right-to-forget-data', '  scaler = preprocessing.StandardScaler()'), {'repo_name': 0, 'line': 1}), Row(('brotherofken/national_data_science_bowl_2', '            scaler = skl.preprocessing.StandardScaler().fit(X)'), {'repo_name': 0, 'line': 1}), Row(('DillonNovak/Programming-for-Chemical-Engineering-Applications', 'X_std = StandardScaler().fit_transform(X)'), {'repo_name': 0, 'line': 1})]"
69,TfidfVectorizer,"[Row(('asurve/arvind-sysml', '    >>> vectorizer = TfidfVectorizer()'), {'repo_name': 0, 'line': 1}), Row(('gweidner/systemml', '    >>> vectorizer = TfidfVectorizer()'), {'repo_name': 0, 'line': 1}), Row(('bdwyer2/incubator-systemml', '    >>> vectorizer = TfidfVectorizer()'), {'repo_name': 0, 'line': 1}), Row(('niketanpansare/incubator-systemml', '    >>> vectorizer = TfidfVectorizer()'), {'repo_name': 0, 'line': 1}), Row(('akchinSTC/systemml', '    >>> vectorizer = TfidfVectorizer()'), {'repo_name': 0, 'line': 1}), Row(('fnielsen/everything', '        CountVectorizer, TfidfVectorizer)'), {'repo_name': 0, 'line': 1}), Row(('satyanugraha/classifying-twitter-user-as-resident-or-tourist', '        x_vectorized = TfidfVectorizer(stop_words=stopwords,token_pattern=ur""\\b[a-z0-9_\\-\\.]+[a-z][a-z0-9_\\-\\.]+\\b"",).fit_transform(x_mnb)'), {'repo_name': 0, 'line': 1}), Row(('satyanugraha/classifying-twitter-user-as-resident-or-tourist', '\t\tx_svc_features_1 = TfidfVectorizer(stop_words=stopwords,token_pattern=ur""\\b[a-z0-9_\\-\\.]+[a-z][a-z0-9_\\-\\.]+\\b"",).fit_transform(features_1)'), {'repo_name': 0, 'line': 1}), Row(('trianam/reuTest', 'vectorizer = sl.feature_extraction.text.TfidfVectorizer(min_df=cutOff, max_df=0.5, max_features=9947, analyzer=modAnalyzer, stop_words=stemmer.stopwords)'), {'repo_name': 0, 'line': 1})]"
70,TheilSenRegressor,"[Row(('fnielsen/everything', '        SGDClassifier, SGDRegressor, TheilSenRegressor)'), {'repo_name': 0, 'line': 1})]"
