,0,1,2,3,4,5,6,7,8,9
0,"Row(('sinhrks/expandas', 2), {'repo_name': 0, 'count': 1})","Row(('sinhrks/pandas-ml', 2), {'repo_name': 0, 'count': 1})","Row(('vsmolyakov/fin', 1), {'repo_name': 0, 'count': 1})","Row(('jdoepfert/nyc_taxi_tips', 1), {'repo_name': 0, 'count': 1})","Row(('ScottFreeLLC/AlphaPy', 1), {'repo_name': 0, 'count': 1})",,,,,
1,"Row(('orazaro/kgml', 2), {'repo_name': 0, 'count': 1})",,,,,,,,,
2,"Row(('orazaro/kgml', 2), {'repo_name': 0, 'count': 1})",,,,,,,,,
3,"Row(('orazaro/kgml', 4), {'repo_name': 0, 'count': 1})","Row(('capitalk/treelearn', 1), {'repo_name': 0, 'count': 1})","Row(('LeonardoCella/recSys', 1), {'repo_name': 0, 'count': 1})","Row(('cigroup-ol/metaopt', 1), {'repo_name': 0, 'count': 1})","Row(('psarka/uplift', 1), {'repo_name': 0, 'count': 1})",,,,,
4,"Row(('massich/data_balancing', 1), {'repo_name': 0, 'count': 1})",,,,,,,,,
5,"Row(('kondra/latent_ssvm', 6), {'repo_name': 0, 'count': 1})","Row(('bblais/Classy', 5), {'repo_name': 0, 'count': 1})","Row(('sonidosmutantes/apicultor', 3), {'repo_name': 0, 'count': 1})","Row(('dwettstein/pattern-recognition-2016', 2), {'repo_name': 0, 'count': 1})","Row(('mit0110/activepipe', 2), {'repo_name': 0, 'count': 1})","Row(('M-R-Houghton/euroscipy_2015', 2), {'repo_name': 0, 'count': 1})","Row(('javadba/Python-ELM', 2), {'repo_name': 0, 'count': 1})","Row(('cgq5/elm', 2), {'repo_name': 0, 'count': 1})","Row(('burakbayramli/classnotes', 1), {'repo_name': 0, 'count': 1})","Row(('holandajunior/ExtremeLearningMachine', 1), {'repo_name': 0, 'count': 1})"
6,"Row(('dmccloskey/python_statistics', 1), {'repo_name': 0, 'count': 1})",,,,,,,,,
7,"Row(('dmccloskey/python_statistics', 2), {'repo_name': 0, 'count': 1})","Row(('ecashin/exp_dlearn', 1), {'repo_name': 0, 'count': 1})",,,,,,,,
8,"Row(('yashchandak/GNN', 8), {'repo_name': 0, 'count': 1})","Row(('3rduncle/knowledgeflow', 1), {'repo_name': 0, 'count': 1})","Row(('emanuetre/crossmodal', 1), {'repo_name': 0, 'count': 1})","Row(('AntoineToubhans/trellearn', 1), {'repo_name': 0, 'count': 1})",,,,,,
9,"Row(('michigraber/neuralyzer', 1), {'repo_name': 0, 'count': 1})","Row(('dmccloskey/python_statistics', 1), {'repo_name': 0, 'count': 1})","Row(('hdemers/datascience', 1), {'repo_name': 0, 'count': 1})",,,,,,,
10,,,,,,,,,,
11,,,,,,,,,,
12,,,,,,,,,,
13,,,,,,,,,,
14,,,,,,,,,,
15,"Row(('sebp/scikit-survival', 4), {'repo_name': 0, 'count': 1})","Row(('tum-camp/survival-support-vector-machine', 4), {'repo_name': 0, 'count': 1})","Row(('ivannz/study_notes', 3), {'repo_name': 0, 'count': 1})","Row(('AtsushiHashimoto/fujino_mthesis', 2), {'repo_name': 0, 'count': 1})","Row(('tzk/EDeN', 2), {'repo_name': 0, 'count': 1})","Row(('dougalsutherland/skl-groups', 2), {'repo_name': 0, 'count': 1})","Row(('dmaticzka/EDeN', 2), {'repo_name': 0, 'count': 1})","Row(('antworteffekt/EDeN', 2), {'repo_name': 0, 'count': 1})","Row(('emanuele/jstsp2015', 2), {'repo_name': 0, 'count': 1})","Row(('feuerchop/IndicativeSVC', 2), {'repo_name': 0, 'count': 1})"
16,"Row(('UKPLab/semeval2017-scienceie', 8), {'repo_name': 0, 'count': 1})","Row(('abhirevan/Yelp-Rate-my-Review', 8), {'repo_name': 0, 'count': 1})","Row(('canast02/csci544_fall2016_project', 8), {'repo_name': 0, 'count': 1})","Row(('SeyVu/ml_sandbox', 5), {'repo_name': 0, 'count': 1})","Row(('mohitreddy1996/Gender-Detection-from-Signature', 5), {'repo_name': 0, 'count': 1})","Row(('archonren/project', 4), {'repo_name': 0, 'count': 1})","Row(('lol/BCI-BO-old', 3), {'repo_name': 0, 'count': 1})","Row(('ijmarshall/cochrane-nlp', 3), {'repo_name': 0, 'count': 1})","Row(('mayanks43/auto-tag', 3), {'repo_name': 0, 'count': 1})","Row(('dwiajik/twit-macet-mining-v3', 3), {'repo_name': 0, 'count': 1})"
17,"Row(('josip-u/alien-vs-sex-predator', 3), {'repo_name': 0, 'count': 1})","Row(('Drea1989/Kepler-discovery', 2), {'repo_name': 0, 'count': 1})","Row(('Drea1989/backorder-detection', 2), {'repo_name': 0, 'count': 1})","Row(('pvrancx/pytorch', 1), {'repo_name': 0, 'count': 1})","Row(('Rohisha/classify-satellite-imagery', 1), {'repo_name': 0, 'count': 1})","Row(('kevinjos/planet-kaggle', 1), {'repo_name': 0, 'count': 1})","Row(('trappedInARibosome/go-model', 1), {'repo_name': 0, 'count': 1})","Row(('juanmirocks/LocText', 1), {'repo_name': 0, 'count': 1})","Row(('daniaki/ppi_wrangler', 1), {'repo_name': 0, 'count': 1})","Row(('lucaskjaero/chinese-character-recognizer', 1), {'repo_name': 0, 'count': 1})"
18,"Row(('diogo149/CauseEffectPairsPaper', 41), {'repo_name': 0, 'count': 1})","Row(('elijahc/ml_v1', 4), {'repo_name': 0, 'count': 1})","Row(('shenbai/tradesafe', 2), {'repo_name': 0, 'count': 1})","Row(('leonardbinet/Transilien-Api-ETL', 2), {'repo_name': 0, 'count': 1})","Row(('josephdviviano/josephdviviano.github.io', 1), {'repo_name': 0, 'count': 1})","Row(('meinternational/fmri', 1), {'repo_name': 0, 'count': 1})","Row(('lacava/few', 1), {'repo_name': 0, 'count': 1})","Row(('ScottFreeLLC/AlphaPy', 1), {'repo_name': 0, 'count': 1})","Row(('alexrkopp/weather-severity-model', 1), {'repo_name': 0, 'count': 1})","Row(('dmccloskey/python_statistics', 1), {'repo_name': 0, 'count': 1})"
19,"Row(('jajoe/machine_learning', 15), {'repo_name': 0, 'count': 1})","Row(('ipashchenko/ml4vs', 15), {'repo_name': 0, 'count': 1})","Row(('nishantnath/MusicPredictiveAnalysis_EE660_USCFall2015', 14), {'repo_name': 0, 'count': 1})","Row(('rohit21122012/DCASE2013', 14), {'repo_name': 0, 'count': 1})","Row(('leofdecarvalho/MachineLearning', 14), {'repo_name': 0, 'count': 1})","Row(('kzky/python-online-machine-learning-library', 13), {'repo_name': 0, 'count': 1})","Row(('rkarhila/another_rnn_phone_classifier', 12), {'repo_name': 0, 'count': 1})","Row(('LighthouseHPC/lighthouse', 10), {'repo_name': 0, 'count': 1})","Row(('alan-mnix/MLFinalProject', 8), {'repo_name': 0, 'count': 1})","Row(('imink/UCL_COMPIG15_Project', 8), {'repo_name': 0, 'count': 1})"
20,"Row(('Goodideax/CS249', 11), {'repo_name': 0, 'count': 1})","Row(('I2Cvb/mp-mri-prostate', 11), {'repo_name': 0, 'count': 1})","Row(('stephenliu0423/PyDTI', 6), {'repo_name': 0, 'count': 1})","Row(('lpeska/BRDTI', 6), {'repo_name': 0, 'count': 1})","Row(('osvaldomx/Modelos', 4), {'repo_name': 0, 'count': 1})","Row(('SaswatPadhi/ProfilingExperiments', 4), {'repo_name': 0, 'count': 1})","Row(('LiuVII/Machine_learning_and_AI', 3), {'repo_name': 0, 'count': 1})","Row(('aalto-ics-kepaco/softALIGNF', 3), {'repo_name': 0, 'count': 1})","Row(('JessicaGarson/MovieSentiment', 3), {'repo_name': 0, 'count': 1})","Row(('wei-Z/Python-Machine-Learning', 3), {'repo_name': 0, 'count': 1})"
21,"Row(('Zsailer/epistasis', 1), {'repo_name': 0, 'count': 1})","Row(('peret/visualize-bovw', 1), {'repo_name': 0, 'count': 1})","Row(('liyazhe/AML-Project2', 1), {'repo_name': 0, 'count': 1})","Row(('angila/samr', 1), {'repo_name': 0, 'count': 1})",,,,,,
22,,,,,,,,,,
23,"Row(('Iolaum/Phi1337', 6), {'repo_name': 0, 'count': 1})","Row(('akhilpm/Masters-Project', 3), {'repo_name': 0, 'count': 1})","Row(('probml/pyprobml', 2), {'repo_name': 0, 'count': 1})","Row(('dmccloskey/python_statistics', 1), {'repo_name': 0, 'count': 1})","Row(('jhartford/DeepIV', 1), {'repo_name': 0, 'count': 1})",,,,,
24,,,,,,,,,,
25,"Row(('narendrameena/featuerSelectionAssignment', 13), {'repo_name': 0, 'count': 1})","Row(('zhangxyz/MLFSdel', 12), {'repo_name': 0, 'count': 1})","Row(('tmills/uda', 11), {'repo_name': 0, 'count': 1})","Row(('tmills/neural-assertion', 9), {'repo_name': 0, 'count': 1})","Row(('drivendata/countable-care-3rd-place', 9), {'repo_name': 0, 'count': 1})","Row(('egomeh/Shark', 5), {'repo_name': 0, 'count': 1})","Row(('OHDSI/PatientLevelPrediction', 5), {'repo_name': 0, 'count': 1})","Row(('kzky/python-online-machine-learning-library', 4), {'repo_name': 0, 'count': 1})","Row(('chengweitsai/AUC-opt-DNN', 4), {'repo_name': 0, 'count': 1})","Row(('bm2-lab/MLClass', 4), {'repo_name': 0, 'count': 1})"
26,"Row(('dmccloskey/python_statistics', 2), {'repo_name': 0, 'count': 1})","Row(('pminder/ksvd', 2), {'repo_name': 0, 'count': 1})",,,,,,,,
27,"Row(('imink/UCL_COMPIG15_Project', 8), {'repo_name': 0, 'count': 1})","Row(('jramcast/ml_weather', 4), {'repo_name': 0, 'count': 1})","Row(('jrbourbeau/composition', 3), {'repo_name': 0, 'count': 1})","Row(('PeterSchichtel/hepstore', 3), {'repo_name': 0, 'count': 1})","Row(('1iyiwei/pyml', 2), {'repo_name': 0, 'count': 1})","Row(('wei-Z/Python-Machine-Learning', 2), {'repo_name': 0, 'count': 1})","Row(('rebeccabilbro/viz', 2), {'repo_name': 0, 'count': 1})","Row(('eford/AstroHackWeek2015', 1), {'repo_name': 0, 'count': 1})","Row(('bhartiya75/MLrecepies', 1), {'repo_name': 0, 'count': 1})","Row(('Nschanche/AstroHackWeek2015', 1), {'repo_name': 0, 'count': 1})"
28,"Row(('Tjorriemorrie/trading', 16), {'repo_name': 0, 'count': 1})","Row(('timestocome/islr', 11), {'repo_name': 0, 'count': 1})","Row(('LighthouseHPC/lighthouse', 10), {'repo_name': 0, 'count': 1})","Row(('jmrozanec/white-bkg-classification', 10), {'repo_name': 0, 'count': 1})","Row(('shiron/evotor-ml-champ', 9), {'repo_name': 0, 'count': 1})","Row(('remigius42/code_camp_2017_machine_learning', 9), {'repo_name': 0, 'count': 1})","Row(('wasit7/book_pae', 9), {'repo_name': 0, 'count': 1})","Row(('lukas/ml-class', 8), {'repo_name': 0, 'count': 1})","Row(('AhmedHani/Kaggle-Machine-Learning-Competitions', 8), {'repo_name': 0, 'count': 1})","Row(('jramcast/ml_weather', 7), {'repo_name': 0, 'count': 1})"
29,"Row(('aosingh/Regularization', 21), {'repo_name': 0, 'count': 1})","Row(('rushter/MLAlgorithms', 5), {'repo_name': 0, 'count': 1})","Row(('subramgo/tflow', 5), {'repo_name': 0, 'count': 1})","Row(('shuras/glmnet-python', 3), {'repo_name': 0, 'count': 1})","Row(('zhuhuifeng/PyML', 3), {'repo_name': 0, 'count': 1})","Row(('MechCoder/scikit-garden', 2), {'repo_name': 0, 'count': 1})","Row(('scikit-garden/scikit-garden', 2), {'repo_name': 0, 'count': 1})","Row(('thvasilo/cuda-sgd-sese-project', 2), {'repo_name': 0, 'count': 1})","Row(('dnouri/nolearn', 1), {'repo_name': 0, 'count': 1})","Row(('BenjaminBossan/nolearn', 1), {'repo_name': 0, 'count': 1})"
30,"Row(('JudoWill/ResearchNotebooks', 3), {'repo_name': 0, 'count': 1})","Row(('MadsJensen/dbs_pd', 3), {'repo_name': 0, 'count': 1})","Row(('parenthetical-e/wheelerexp', 2), {'repo_name': 0, 'count': 1})","Row(('davidsamu/seal', 2), {'repo_name': 0, 'count': 1})","Row(('eamosse/word_embedding', 1), {'repo_name': 0, 'count': 1})","Row(('seokjunbing/cs75', 1), {'repo_name': 0, 'count': 1})","Row(('dmccloskey/calculate_utilities', 1), {'repo_name': 0, 'count': 1})","Row(('dmccloskey/python_statistics', 1), {'repo_name': 0, 'count': 1})","Row(('qe-team/marmot', 1), {'repo_name': 0, 'count': 1})",
31,"Row(('PhenixI/machine-learning', 4), {'repo_name': 0, 'count': 1})","Row(('cgq5/elm', 3), {'repo_name': 0, 'count': 1})","Row(('wei-Z/Python-Machine-Learning', 3), {'repo_name': 0, 'count': 1})","Row(('chakpongchung/RIPS_2014_BGI_source_code', 3), {'repo_name': 0, 'count': 1})","Row(('nitish-tripathi/Simplery', 3), {'repo_name': 0, 'count': 1})","Row(('dvro/scikit-protopy', 3), {'repo_name': 0, 'count': 1})","Row(('cs60050/TeamGabru', 3), {'repo_name': 0, 'count': 1})","Row(('Andrew414/KForest', 2), {'repo_name': 0, 'count': 1})","Row(('malimome/game-auth', 2), {'repo_name': 0, 'count': 1})","Row(('lightalchemist/ML-algorithms', 2), {'repo_name': 0, 'count': 1})"
32,"Row(('jcatw/scnn', 11), {'repo_name': 0, 'count': 1})","Row(('ipashchenko/ml4vs', 10), {'repo_name': 0, 'count': 1})","Row(('jingxiang-li/kaggle-yelp', 9), {'repo_name': 0, 'count': 1})","Row(('qe-team/marmot', 8), {'repo_name': 0, 'count': 1})","Row(('aalto-ics-kepaco/softALIGNF', 8), {'repo_name': 0, 'count': 1})","Row(('ChristianSch/skml', 8), {'repo_name': 0, 'count': 1})","Row(('ProjectsUCSC/NLP', 7), {'repo_name': 0, 'count': 1})","Row(('canard0328/malss', 7), {'repo_name': 0, 'count': 1})","Row(('TurkuNLP/smt-pronouns', 7), {'repo_name': 0, 'count': 1})","Row(('IDEALLab/domain_expansion_jmd_2017', 7), {'repo_name': 0, 'count': 1})"
33,"Row(('josephsalmon/AVp', 2), {'repo_name': 0, 'count': 1})","Row(('dmccloskey/python_statistics', 1), {'repo_name': 0, 'count': 1})","Row(('cmu-db/ottertune', 1), {'repo_name': 0, 'count': 1})",,,,,,,
34,"Row(('matthewzimmer/traffic-sign-classification', 4), {'repo_name': 0, 'count': 1})","Row(('osvaldomx/Modelos', 3), {'repo_name': 0, 'count': 1})","Row(('xaibeing/cn-deep-learning', 1), {'repo_name': 0, 'count': 1})","Row(('stephenliu1989/msmbuilder', 1), {'repo_name': 0, 'count': 1})","Row(('IDEALLab/hcd_connect_idetc_2014', 1), {'repo_name': 0, 'count': 1})","Row(('dragoon/kilogram', 1), {'repo_name': 0, 'count': 1})","Row(('IDEALLab/design_method_recommendation_JMD_2014', 1), {'repo_name': 0, 'count': 1})","Row(('trevorstephens/gplearn', 1), {'repo_name': 0, 'count': 1})","Row(('dgraham999/Partner_Forecast', 1), {'repo_name': 0, 'count': 1})","Row(('bmanubay/open-forcefield-tools', 1), {'repo_name': 0, 'count': 1})"
35,"Row(('boada/desCluster', 4), {'repo_name': 0, 'count': 1})","Row(('boada/HETDEXCluster', 3), {'repo_name': 0, 'count': 1})","Row(('dbftdiyoeywga/bards', 1), {'repo_name': 0, 'count': 1})","Row(('ScottFreeLLC/AlphaPy', 1), {'repo_name': 0, 'count': 1})","Row(('mdeff/ntds_2016', 1), {'repo_name': 0, 'count': 1})","Row(('ioos/notebooks_demos', 1), {'repo_name': 0, 'count': 1})","Row(('pyoceans/utilities', 1), {'repo_name': 0, 'count': 1})","Row(('boada/vpCluster', 1), {'repo_name': 0, 'count': 1})","Row(('dmccloskey/python_statistics', 1), {'repo_name': 0, 'count': 1})","Row(('reiinakano/xcessiv', 1), {'repo_name': 0, 'count': 1})"
36,"Row(('kootenpv/xtoy', 1), {'repo_name': 0, 'count': 1})",,,,,,,,,
37,"Row(('aalto-ics-kepaco/softALIGNF', 8), {'repo_name': 0, 'count': 1})","Row(('Iolaum/Phi1337', 6), {'repo_name': 0, 'count': 1})","Row(('gregstarr/anomaly-detection', 6), {'repo_name': 0, 'count': 1})","Row(('operalib/operalib', 6), {'repo_name': 0, 'count': 1})","Row(('hongliuuuu/Results_Dis', 5), {'repo_name': 0, 'count': 1})","Row(('Y-oHr-N/TextCategorization', 4), {'repo_name': 0, 'count': 1})","Row(('jmikko/EasyMKL', 3), {'repo_name': 0, 'count': 1})","Row(('akhilpm/Masters-Project', 3), {'repo_name': 0, 'count': 1})","Row(('RomainBrault/operalib', 3), {'repo_name': 0, 'count': 1})","Row(('cajal/pupil-tracking', 3), {'repo_name': 0, 'count': 1})"
38,"Row(('mihaic/brainiak', 2), {'repo_name': 0, 'count': 1})","Row(('yidawang/brainiak', 2), {'repo_name': 0, 'count': 1})","Row(('IntelPNI/brainiak', 1), {'repo_name': 0, 'count': 1})","Row(('lcnature/brainiak', 1), {'repo_name': 0, 'count': 1})","Row(('ibayer/fastFM-fork', 1), {'repo_name': 0, 'count': 1})","Row(('sylvchev/mdla', 1), {'repo_name': 0, 'count': 1})","Row(('JasonTam/ndsb2015', 1), {'repo_name': 0, 'count': 1})","Row(('ContextLab/hypertools', 1), {'repo_name': 0, 'count': 1})",,
39,"Row(('zedoul/AnomalyDetection', 8), {'repo_name': 0, 'count': 1})","Row(('danqiye1/CS4786', 4), {'repo_name': 0, 'count': 1})","Row(('lukaselmer/ethz-data-mining', 3), {'repo_name': 0, 'count': 1})","Row(('titu1994/Neural-Style-Transfer', 2), {'repo_name': 0, 'count': 1})","Row(('dolaameng/keras', 1), {'repo_name': 0, 'count': 1})","Row(('davni/NewsBug', 1), {'repo_name': 0, 'count': 1})","Row(('andrewv587/pycharm-project', 1), {'repo_name': 0, 'count': 1})","Row(('GGiecold/ECLAIR', 1), {'repo_name': 0, 'count': 1})","Row(('Erotemic/vtool', 1), {'repo_name': 0, 'count': 1})","Row(('AtsushiHashimoto/exp_idc', 1), {'repo_name': 0, 'count': 1})"
40,"Row(('salma1601/nilearn', 1), {'repo_name': 0, 'count': 1})","Row(('fboers/jumeg', 1), {'repo_name': 0, 'count': 1})","Row(('cyanut/scope-recorder', 1), {'repo_name': 0, 'count': 1})","Row(('l11x0m7/Paper', 1), {'repo_name': 0, 'count': 1})","Row(('abenicho/isvr', 1), {'repo_name': 0, 'count': 1})","Row(('jdammers/jumeg', 1), {'repo_name': 0, 'count': 1})","Row(('hlaub/tvb-library', 1), {'repo_name': 0, 'count': 1})","Row(('the-virtual-brain/tvb-library', 1), {'repo_name': 0, 'count': 1})","Row(('dmccloskey/python_statistics', 1), {'repo_name': 0, 'count': 1})",
41,,,,,,,,,,
42,"Row(('sunil07t/e-mission-server', 1), {'repo_name': 0, 'count': 1})","Row(('acutesoftware/AIKIF', 1), {'repo_name': 0, 'count': 1})","Row(('ComputationalPsychiatry/fitr', 1), {'repo_name': 0, 'count': 1})","Row(('dmccloskey/python_statistics', 1), {'repo_name': 0, 'count': 1})","Row(('hbredin/byzance', 1), {'repo_name': 0, 'count': 1})",,,,,
43,"Row(('CETodd/4501project', 4), {'repo_name': 0, 'count': 1})","Row(('titu1994/Neural-Style-Transfer', 1), {'repo_name': 0, 'count': 1})","Row(('mathmastin/ImageCompressPython', 1), {'repo_name': 0, 'count': 1})","Row(('bregmanstudio/BregmanToolkit', 1), {'repo_name': 0, 'count': 1})","Row(('bblais/Classy', 1), {'repo_name': 0, 'count': 1})","Row(('awentzonline/image-analogies', 1), {'repo_name': 0, 'count': 1})","Row(('bregmanstudio/AudioSpectrumPatchApproximation', 1), {'repo_name': 0, 'count': 1})","Row(('rocknrollnerd/chell', 1), {'repo_name': 0, 'count': 1})","Row(('awentzonline/keras-rtst', 1), {'repo_name': 0, 'count': 1})",
44,"Row(('tedmeeds/tcga_encoder', 9), {'repo_name': 0, 'count': 1})","Row(('WesleyyC/RestaurantRevenuePrediction', 8), {'repo_name': 0, 'count': 1})","Row(('starbuck10/CS109a_DataScience_UserRatings_Team_Project', 7), {'repo_name': 0, 'count': 1})","Row(('wangqingbaidu/aliMusic', 6), {'repo_name': 0, 'count': 1})","Row(('iarroyof/nlp-pipeline', 5), {'repo_name': 0, 'count': 1})","Row(('verdverm/pypge', 5), {'repo_name': 0, 'count': 1})","Row(('iarroyof/distributionalSemanticStabilityThesis', 4), {'repo_name': 0, 'count': 1})","Row(('WesleyyC/Restaurant-Revenue-Prediction', 4), {'repo_name': 0, 'count': 1})","Row(('mclaughlin6464/pylearn2', 4), {'repo_name': 0, 'count': 1})","Row(('shenbai/tradesafe', 3), {'repo_name': 0, 'count': 1})"
45,,,,,,,,,,
46,"Row(('hbldh/skboost', 6), {'repo_name': 0, 'count': 1})","Row(('lidalei/DataMining', 5), {'repo_name': 0, 'count': 1})","Row(('charanpald/tyre-hug', 3), {'repo_name': 0, 'count': 1})","Row(('lol/BCI-BO-old', 2), {'repo_name': 0, 'count': 1})","Row(('nachocano/asml', 2), {'repo_name': 0, 'count': 1})","Row(('thypad/brew', 2), {'repo_name': 0, 'count': 1})","Row(('aravart/capomate', 2), {'repo_name': 0, 'count': 1})","Row(('viisar/brew', 2), {'repo_name': 0, 'count': 1})","Row(('crscardellino/thesis', 2), {'repo_name': 0, 'count': 1})","Row(('njpayne/euclid', 2), {'repo_name': 0, 'count': 1})"
47,"Row(('I2Cvb/mp-mri-prostate', 47), {'repo_name': 0, 'count': 1})","Row(('JudoWill/ResearchNotebooks', 3), {'repo_name': 0, 'count': 1})","Row(('SMV818VMS/termite', 3), {'repo_name': 0, 'count': 1})","Row(('kellerberrin/OSM-QSAR', 3), {'repo_name': 0, 'count': 1})","Row(('DESHRAJ/DIGITS', 2), {'repo_name': 0, 'count': 1})","Row(('ewulczyn/talk_page_abuse', 2), {'repo_name': 0, 'count': 1})","Row(('dmccloskey/python_statistics', 2), {'repo_name': 0, 'count': 1})","Row(('changkun/MotionTouch', 2), {'repo_name': 0, 'count': 1})","Row(('broadinstitute/ebola-predictor', 2), {'repo_name': 0, 'count': 1})","Row(('hanfang/scikit-ribo', 2), {'repo_name': 0, 'count': 1})"
48,"Row(('dmccloskey/python_statistics', 1), {'repo_name': 0, 'count': 1})",,,,,,,,,
49,"Row(('jundongl/scikit-feature', 30), {'repo_name': 0, 'count': 1})","Row(('jundongl/PyFeaST', 30), {'repo_name': 0, 'count': 1})","Row(('jundongl/scikit-feast', 27), {'repo_name': 0, 'count': 1})","Row(('derrowap/MA490-MachineLearning-FinalProject', 19), {'repo_name': 0, 'count': 1})","Row(('jajoe/machine_learning', 19), {'repo_name': 0, 'count': 1})","Row(('akhilpm/Masters-Project', 18), {'repo_name': 0, 'count': 1})","Row(('dikien/Machine-Learning-Newspaper', 15), {'repo_name': 0, 'count': 1})","Row(('gingi99/research_dr', 15), {'repo_name': 0, 'count': 1})","Row(('fcchou/CS229-project', 14), {'repo_name': 0, 'count': 1})","Row(('cysjtu/SentimentAnalysis', 11), {'repo_name': 0, 'count': 1})"
50,"Row(('daien/ekovof', 1), {'repo_name': 0, 'count': 1})",,,,,,,,,
51,"Row(('lmjohns3/diss', 1), {'repo_name': 0, 'count': 1})","Row(('all-umass/graphs', 1), {'repo_name': 0, 'count': 1})","Row(('dmccloskey/python_statistics', 1), {'repo_name': 0, 'count': 1})",,,,,,,
52,"Row(('Iolaum/Phi1337', 6), {'repo_name': 0, 'count': 1})","Row(('dmccloskey/python_statistics', 1), {'repo_name': 0, 'count': 1})",,,,,,,,
53,"Row(('ecashin/exp_dlearn', 1), {'repo_name': 0, 'count': 1})","Row(('dmccloskey/python_statistics', 1), {'repo_name': 0, 'count': 1})",,,,,,,,
54,"Row(('cognoma/machine-learning', 15), {'repo_name': 0, 'count': 1})","Row(('MadsJensen/dbs_pd', 11), {'repo_name': 0, 'count': 1})","Row(('MadsJensen/CAA', 10), {'repo_name': 0, 'count': 1})","Row(('hainm/MSMs', 9), {'repo_name': 0, 'count': 1})","Row(('PG-TUe/tpot', 8), {'repo_name': 0, 'count': 1})","Row(('kingjr/audio_sequence', 6), {'repo_name': 0, 'count': 1})","Row(('seg/2016-ml-contest', 6), {'repo_name': 0, 'count': 1})","Row(('jingxiang-li/kaggle-yelp', 5), {'repo_name': 0, 'count': 1})","Row(('pranavtbhat/EE219', 5), {'repo_name': 0, 'count': 1})","Row(('Epidemium/RAMP-1', 5), {'repo_name': 0, 'count': 1})"
55,"Row(('srikanthmaturu/webpage-classifier', 1), {'repo_name': 0, 'count': 1})",,,,,,,,,
56,"Row(('choyichen/omics', 1), {'repo_name': 0, 'count': 1})","Row(('yiskylee/MoneyMaker', 1), {'repo_name': 0, 'count': 1})",,,,,,,,
57,,,,,,,,,,
58,"Row(('agramfort/mne-python', 5), {'repo_name': 0, 'count': 1})","Row(('jaeilepp/mne-python', 5), {'repo_name': 0, 'count': 1})","Row(('rkmaddox/mne-python', 4), {'repo_name': 0, 'count': 1})","Row(('jniediek/mne-python', 4), {'repo_name': 0, 'count': 1})","Row(('bloyl/mne-python', 4), {'repo_name': 0, 'count': 1})","Row(('yousrabk/mne-python', 4), {'repo_name': 0, 'count': 1})","Row(('effigies/mne-python', 4), {'repo_name': 0, 'count': 1})","Row(('cjayb/mne-python', 4), {'repo_name': 0, 'count': 1})","Row(('dimkal/mne-python', 4), {'repo_name': 0, 'count': 1})","Row(('jonpdx/gsoc2014', 4), {'repo_name': 0, 'count': 1})"
59,"Row(('Jerryzcn/Mmani', 3), {'repo_name': 0, 'count': 1})","Row(('lmjohns3/diss', 2), {'repo_name': 0, 'count': 1})","Row(('all-umass/ler', 1), {'repo_name': 0, 'count': 1})","Row(('svohara/proximityforest', 1), {'repo_name': 0, 'count': 1})","Row(('mcneela/Retina', 1), {'repo_name': 0, 'count': 1})","Row(('jakevdp/Mmani', 1), {'repo_name': 0, 'count': 1})","Row(('samueljackson92/major-project', 1), {'repo_name': 0, 'count': 1})","Row(('all-umass/ller', 1), {'repo_name': 0, 'count': 1})","Row(('zhangsh950618/graduation', 1), {'repo_name': 0, 'count': 1})",
60,"Row(('ChristianSch/skml', 12), {'repo_name': 0, 'count': 1})","Row(('yashchandak/GNN', 7), {'repo_name': 0, 'count': 1})","Row(('bzamecnik/audio-ml', 4), {'repo_name': 0, 'count': 1})","Row(('bzamecnik/ml', 4), {'repo_name': 0, 'count': 1})","Row(('d-mittal/pystruct', 2), {'repo_name': 0, 'count': 1})","Row(('suemi994/Rnews', 1), {'repo_name': 0, 'count': 1})","Row(('romyny/cbir_binary_code', 1), {'repo_name': 0, 'count': 1})","Row(('dmccloskey/python_statistics', 1), {'repo_name': 0, 'count': 1})","Row(('amueller/pystruct', 1), {'repo_name': 0, 'count': 1})","Row(('enanablancaynumeros/mullpy', 1), {'repo_name': 0, 'count': 1})"
61,"Row(('fcchou/CS229-project', 16), {'repo_name': 0, 'count': 1})","Row(('ChristianSch/skml', 8), {'repo_name': 0, 'count': 1})","Row(('ddofer/ProFET', 5), {'repo_name': 0, 'count': 1})","Row(('kingjr/natmeg_arhus', 4), {'repo_name': 0, 'count': 1})","Row(('doutib/lobpredict', 3), {'repo_name': 0, 'count': 1})","Row(('AravindRam/ML', 3), {'repo_name': 0, 'count': 1})","Row(('wei-Z/Python-Machine-Learning', 3), {'repo_name': 0, 'count': 1})","Row(('joshpeng/Network-Intrusions-Flask', 3), {'repo_name': 0, 'count': 1})","Row(('cs60050/TeamGabru', 3), {'repo_name': 0, 'count': 1})","Row(('ybayle/ReproducibleResearchIEEE2017', 3), {'repo_name': 0, 'count': 1})"
62,"Row(('proyectoNinja/meanSerpentForestSRC', 1), {'repo_name': 0, 'count': 1})","Row(('pdamodaran/yellowbrick', 1), {'repo_name': 0, 'count': 1})",,,,,,,,
63,"Row(('Basvanstein/OWCK', 3), {'repo_name': 0, 'count': 1})","Row(('ramtinms/tokenquery', 1), {'repo_name': 0, 'count': 1})","Row(('dwettstein/pattern-recognition-2016', 1), {'repo_name': 0, 'count': 1})","Row(('dmccloskey/python_statistics', 1), {'repo_name': 0, 'count': 1})","Row(('osmanbaskaya/wsid', 1), {'repo_name': 0, 'count': 1})","Row(('acbecker/birthday', 1), {'repo_name': 0, 'count': 1})","Row(('pierre-rouanet/dtw', 1), {'repo_name': 0, 'count': 1})","Row(('ntung/ramp', 1), {'repo_name': 0, 'count': 1})","Row(('rafaelvalle/music_pattern_graphs', 1), {'repo_name': 0, 'count': 1})","Row(('animesh-garg/dtw', 1), {'repo_name': 0, 'count': 1})"
64,,,,,,,,,,
65,,,,,,,,,,
66,"Row(('yashchandak/GNN', 8), {'repo_name': 0, 'count': 1})","Row(('daniaki/ppi_wrangler', 1), {'repo_name': 0, 'count': 1})",,,,,,,,
67,"Row(('rajul/mne-python', 1), {'repo_name': 0, 'count': 1})","Row(('dimkal/mne-python', 1), {'repo_name': 0, 'count': 1})","Row(('wronk/mne-python', 1), {'repo_name': 0, 'count': 1})","Row(('ARudiuk/mne-python', 1), {'repo_name': 0, 'count': 1})","Row(('edwardhunter/css', 1), {'repo_name': 0, 'count': 1})","Row(('cle1109/mne-python', 1), {'repo_name': 0, 'count': 1})","Row(('andyh616/mne-python', 1), {'repo_name': 0, 'count': 1})","Row(('leggitta/mne-python', 1), {'repo_name': 0, 'count': 1})","Row(('antiface/mne-python', 1), {'repo_name': 0, 'count': 1})","Row(('palday/mne-python', 1), {'repo_name': 0, 'count': 1})"
68,"Row(('dmccloskey/python_statistics', 1), {'repo_name': 0, 'count': 1})","Row(('xianjunzhengbackup/code', 1), {'repo_name': 0, 'count': 1})",,,,,,,,
69,"Row(('abhishekkrthakur/NDSB', 13), {'repo_name': 0, 'count': 1})","Row(('matsumishoki/machine_learning', 7), {'repo_name': 0, 'count': 1})","Row(('Razvy000/ANN-Intro', 5), {'repo_name': 0, 'count': 1})","Row(('reiinakano/xcessiv', 5), {'repo_name': 0, 'count': 1})","Row(('reiinakano/scikit-plot', 5), {'repo_name': 0, 'count': 1})","Row(('VandyAstroML/Vandy_AstroML', 4), {'repo_name': 0, 'count': 1})","Row(('WaterIsland/DLStudy', 4), {'repo_name': 0, 'count': 1})","Row(('ikki407/stacking', 4), {'repo_name': 0, 'count': 1})","Row(('FabricioMatos/ifes-dropout-machine-learning', 4), {'repo_name': 0, 'count': 1})","Row(('UFABC-AM-2016-1/constrained-k-means', 4), {'repo_name': 0, 'count': 1})"
70,"Row(('cudbg/Dialectic', 7), {'repo_name': 0, 'count': 1})","Row(('JVP3122/Python-Machine-Learning-NFL-Game-Predictor', 6), {'repo_name': 0, 'count': 1})","Row(('sankar-mukherjee/CoFee', 4), {'repo_name': 0, 'count': 1})","Row(('jmetzen/skgp', 3), {'repo_name': 0, 'count': 1})","Row(('njpayne/euclid', 3), {'repo_name': 0, 'count': 1})","Row(('shllybkwrm/swarm_gesture_control', 2), {'repo_name': 0, 'count': 1})","Row(('linhvannguyen/PhDworks', 2), {'repo_name': 0, 'count': 1})","Row(('LucaAngioloni/NaiveBayes_LearningCurves', 2), {'repo_name': 0, 'count': 1})","Row(('1iyiwei/pyml', 2), {'repo_name': 0, 'count': 1})","Row(('jms-dipadua/financial-forecasting', 2), {'repo_name': 0, 'count': 1})"
71,,,,,,,,,,
72,"Row(('tgsmith61591/skutil', 10), {'repo_name': 0, 'count': 1})","Row(('operalib/operalib', 5), {'repo_name': 0, 'count': 1})","Row(('Basvanstein/OWCK', 4), {'repo_name': 0, 'count': 1})","Row(('hbldh/skboost', 3), {'repo_name': 0, 'count': 1})","Row(('sebp/scikit-survival', 3), {'repo_name': 0, 'count': 1})","Row(('daniaki/pyPPI', 3), {'repo_name': 0, 'count': 1})","Row(('thorwhalen/ut', 3), {'repo_name': 0, 'count': 1})","Row(('dwettstein/pattern-recognition-2016', 3), {'repo_name': 0, 'count': 1})","Row(('rasbt/mlxtend', 2), {'repo_name': 0, 'count': 1})","Row(('joshloyal/ClumPy', 2), {'repo_name': 0, 'count': 1})"
73,"Row(('cbuntain/redditResponseExtractor', 3), {'repo_name': 0, 'count': 1})","Row(('amueller/advanced_training', 3), {'repo_name': 0, 'count': 1})","Row(('wei-Z/Python-Machine-Learning', 2), {'repo_name': 0, 'count': 1})","Row(('andre-martini/advanced-comp-2017', 2), {'repo_name': 0, 'count': 1})","Row(('JoostVisser/ml-assignment2', 2), {'repo_name': 0, 'count': 1})","Row(('joshpeng/Network-Intrusions-Flask', 1), {'repo_name': 0, 'count': 1})","Row(('YixueWang/Yark', 1), {'repo_name': 0, 'count': 1})","Row(('PhenixI/machine-learning', 1), {'repo_name': 0, 'count': 1})","Row(('anhaidgroup/py_entitymatching', 1), {'repo_name': 0, 'count': 1})","Row(('lacava/few', 1), {'repo_name': 0, 'count': 1})"
74,"Row(('diana-hep/carl', 16), {'repo_name': 0, 'count': 1})","Row(('dtaralla/hearthstone', 10), {'repo_name': 0, 'count': 1})","Row(('dvro/imbalanced-learn', 10), {'repo_name': 0, 'count': 1})","Row(('glemaitre/imbalanced-learn', 9), {'repo_name': 0, 'count': 1})","Row(('chkoar/imbalanced-learn', 9), {'repo_name': 0, 'count': 1})","Row(('paulorauber/rlnn', 9), {'repo_name': 0, 'count': 1})","Row(('anaderi/lhcb_trigger_ml', 8), {'repo_name': 0, 'count': 1})","Row(('NICTA/revrand', 8), {'repo_name': 0, 'count': 1})","Row(('ahara/kaggle_otto', 8), {'repo_name': 0, 'count': 1})","Row(('glouppe/recnn', 7), {'repo_name': 0, 'count': 1})"
75,"Row(('LighthouseHPC/lighthouse', 12), {'repo_name': 0, 'count': 1})","Row(('pranavtbhat/EE219', 5), {'repo_name': 0, 'count': 1})","Row(('ipashchenko/ml4vs', 4), {'repo_name': 0, 'count': 1})","Row(('piotrsobecki/opt', 4), {'repo_name': 0, 'count': 1})","Row(('civisanalytics/muffnn', 2), {'repo_name': 0, 'count': 1})","Row(('furgerf/kaggle-projects', 2), {'repo_name': 0, 'count': 1})","Row(('Amir14111/sandbox', 2), {'repo_name': 0, 'count': 1})","Row(('JasonKessler/scattertext', 2), {'repo_name': 0, 'count': 1})","Row(('tbrunetti/decision_tree_classifier', 2), {'repo_name': 0, 'count': 1})","Row(('sig-ml/bleedml', 2), {'repo_name': 0, 'count': 1})"
76,"Row(('scikit-multilearn/scikit-multilearn', 5), {'repo_name': 0, 'count': 1})","Row(('daniaki/pyPPI', 2), {'repo_name': 0, 'count': 1})","Row(('otadmor/Open-Knesset', 1), {'repo_name': 0, 'count': 1})","Row(('marioharper182/Patterns', 1), {'repo_name': 0, 'count': 1})",,,,,,
77,"Row(('TitasNandi/Summer_Project', 1), {'repo_name': 0, 'count': 1})","Row(('MechCoder/scikit-garden', 1), {'repo_name': 0, 'count': 1})","Row(('longubu/datumio', 1), {'repo_name': 0, 'count': 1})","Row(('scikit-garden/scikit-garden', 1), {'repo_name': 0, 'count': 1})",,,,,,
78,"Row(('carloscanova/elephant', 1), {'repo_name': 0, 'count': 1})","Row(('aluo-x/GRIDFIRE', 1), {'repo_name': 0, 'count': 1})","Row(('attardi/deepnl', 1), {'repo_name': 0, 'count': 1})","Row(('jankim/deepnl', 1), {'repo_name': 0, 'count': 1})","Row(('Junji110/elephant', 1), {'repo_name': 0, 'count': 1})","Row(('CINPLA/expipe-dev', 1), {'repo_name': 0, 'count': 1})","Row(('corcra/bf2', 1), {'repo_name': 0, 'count': 1})","Row(('mattcieslak/DSI2', 1), {'repo_name': 0, 'count': 1})","Row(('dankolbman/BCIM', 1), {'repo_name': 0, 'count': 1})","Row(('dholstein/elephant', 1), {'repo_name': 0, 'count': 1})"
79,"Row(('tttor/csipb-jamu-prj', 6), {'repo_name': 0, 'count': 1})","Row(('cs60050/TeamGabru', 3), {'repo_name': 0, 'count': 1})","Row(('ipashchenko/ml4vs', 3), {'repo_name': 0, 'count': 1})","Row(('dschwertfeger/cbar', 3), {'repo_name': 0, 'count': 1})","Row(('Cadene/Deep6Framework', 3), {'repo_name': 0, 'count': 1})","Row(('furgerf/kaggle-projects', 2), {'repo_name': 0, 'count': 1})","Row(('roaminsight/roamresearch', 2), {'repo_name': 0, 'count': 1})","Row(('rwduzhao/fast-rcnn-project', 2), {'repo_name': 0, 'count': 1})","Row(('yifeng-li/DECRES', 2), {'repo_name': 0, 'count': 1})","Row(('alexanderpanchenko/vec2synset', 2), {'repo_name': 0, 'count': 1})"
80,"Row(('AlexYu-beta/Python_Study', 1), {'repo_name': 0, 'count': 1})","Row(('fbuitron/FBMusic_ML_be', 1), {'repo_name': 0, 'count': 1})","Row(('ComputationalPsychiatry/fitr', 1), {'repo_name': 0, 'count': 1})","Row(('franciscomoura/data-science-and-bigdata', 1), {'repo_name': 0, 'count': 1})","Row(('matt123miller/Learning-Python-ML', 1), {'repo_name': 0, 'count': 1})","Row(('dmccloskey/python_statistics', 1), {'repo_name': 0, 'count': 1})",,,,
81,"Row(('thunder-project/thunder-factorization', 2), {'repo_name': 0, 'count': 1})","Row(('psarka/uplift', 1), {'repo_name': 0, 'count': 1})",,,,,,,,
82,"Row(('dmccloskey/python_statistics', 1), {'repo_name': 0, 'count': 1})",,,,,,,,,
83,"Row(('KT12/hands_on_machine_learning', 2), {'repo_name': 0, 'count': 1})","Row(('vsmolyakov/cv', 1), {'repo_name': 0, 'count': 1})","Row(('callaghanmt/PyCon2015', 1), {'repo_name': 0, 'count': 1})","Row(('efredine/colorviz', 1), {'repo_name': 0, 'count': 1})","Row(('zedavid/spotTheDifferenceAnalyzer', 1), {'repo_name': 0, 'count': 1})","Row(('PeterDSteinberg/kmeans_coloring_book', 1), {'repo_name': 0, 'count': 1})","Row(('rocknrollnerd/ml-playground', 1), {'repo_name': 0, 'count': 1})","Row(('pollseed/data-mining', 1), {'repo_name': 0, 'count': 1})","Row(('mfwarren/FreeCoding', 1), {'repo_name': 0, 'count': 1})","Row(('geobricks/Playground', 1), {'repo_name': 0, 'count': 1})"
84,"Row(('callzhang/amazonaccess', 1), {'repo_name': 0, 'count': 1})","Row(('dmccloskey/python_statistics', 1), {'repo_name': 0, 'count': 1})","Row(('henchc/MHG_Scansion', 1), {'repo_name': 0, 'count': 1})","Row(('kenchia/amazonaccess', 1), {'repo_name': 0, 'count': 1})","Row(('93lorenzo/software-suite-movie-market-analysis', 1), {'repo_name': 0, 'count': 1})",,,,,
85,"Row(('DavidMcDonald1993/ghsom', 4), {'repo_name': 0, 'count': 1})","Row(('GGiecold/ECLAIR', 2), {'repo_name': 0, 'count': 1})","Row(('dmccloskey/python_statistics', 1), {'repo_name': 0, 'count': 1})","Row(('nishantnath/MusicPredictiveAnalysis_EE660_USCFall2015', 1), {'repo_name': 0, 'count': 1})","Row(('clintval/siglib', 1), {'repo_name': 0, 'count': 1})",,,,,
86,"Row(('paulperry/kaggle', 40), {'repo_name': 0, 'count': 1})","Row(('davidvartanian/machine-learning-tests', 23), {'repo_name': 0, 'count': 1})","Row(('MartinThoma/algorithms', 9), {'repo_name': 0, 'count': 1})","Row(('lol/BCI-BO-old', 8), {'repo_name': 0, 'count': 1})","Row(('akshaybabloo/Car-ND', 7), {'repo_name': 0, 'count': 1})","Row(('kellerberrin/OSM-QSAR', 7), {'repo_name': 0, 'count': 1})","Row(('hjweide/NDSB', 7), {'repo_name': 0, 'count': 1})","Row(('vene/ambra', 6), {'repo_name': 0, 'count': 1})","Row(('dlatk/dlatk', 6), {'repo_name': 0, 'count': 1})","Row(('djajetic/AutoML3', 5), {'repo_name': 0, 'count': 1})"
87,"Row(('magic2du/contact_matrix', 138), {'repo_name': 0, 'count': 1})","Row(('paulperry/kaggle', 27), {'repo_name': 0, 'count': 1})","Row(('cognoma/machine-learning', 24), {'repo_name': 0, 'count': 1})","Row(('leofdecarvalho/MachineLearning', 24), {'repo_name': 0, 'count': 1})","Row(('wei-Z/Python-Machine-Learning', 22), {'repo_name': 0, 'count': 1})","Row(('nishantnath/MusicPredictiveAnalysis_EE660_USCFall2015', 21), {'repo_name': 0, 'count': 1})","Row(('PhenixI/machine-learning', 20), {'repo_name': 0, 'count': 1})","Row(('rushter/MLAlgorithms', 19), {'repo_name': 0, 'count': 1})","Row(('Knight13/Exploring-Deep-Neural-Decision-Trees', 18), {'repo_name': 0, 'count': 1})","Row(('MartinThoma/algorithms', 17), {'repo_name': 0, 'count': 1})"
88,"Row(('diogo149/CauseEffectPairsPaper', 41), {'repo_name': 0, 'count': 1})","Row(('slinderman/pyhawkes', 5), {'repo_name': 0, 'count': 1})","Row(('mattjj/pyhawkes', 5), {'repo_name': 0, 'count': 1})","Row(('JudoWill/ResearchNotebooks', 2), {'repo_name': 0, 'count': 1})","Row(('diogo149/CauseEffectPairsChallenge', 1), {'repo_name': 0, 'count': 1})","Row(('ottogroup/dstoolbox', 1), {'repo_name': 0, 'count': 1})","Row(('phbradley/tcr-dist', 1), {'repo_name': 0, 'count': 1})","Row(('CS6780/approx-clustering', 1), {'repo_name': 0, 'count': 1})","Row(('diogo149/autocause', 1), {'repo_name': 0, 'count': 1})","Row(('nadavbar/BorderPeelingClustering', 1), {'repo_name': 0, 'count': 1})"
89,"Row(('magic2du/contact_matrix', 36), {'repo_name': 0, 'count': 1})","Row(('cognoma/machine-learning', 23), {'repo_name': 0, 'count': 1})","Row(('paulperry/kaggle', 23), {'repo_name': 0, 'count': 1})","Row(('irhete/predictive-monitoring-benchmark', 17), {'repo_name': 0, 'count': 1})","Row(('ipashchenko/ml4vs', 15), {'repo_name': 0, 'count': 1})","Row(('unnati-xyz/ensemble-package', 13), {'repo_name': 0, 'count': 1})","Row(('kaz-Anova/ensemble_amazon', 12), {'repo_name': 0, 'count': 1})","Row(('I2Cvb/mp-mri-prostate', 11), {'repo_name': 0, 'count': 1})","Row(('MadsJensen/RP_scripts', 8), {'repo_name': 0, 'count': 1})","Row(('slinderman/pyhawkes', 8), {'repo_name': 0, 'count': 1})"
90,"Row(('Iolaum/Phi1337', 6), {'repo_name': 0, 'count': 1})",,,,,,,,,
91,"Row(('Luigolas/PyReID', 1), {'repo_name': 0, 'count': 1})","Row(('vene/ambra', 1), {'repo_name': 0, 'count': 1})","Row(('jcrist/dask-learn', 1), {'repo_name': 0, 'count': 1})",,,,,,,
92,"Row(('GGiecold/Density_Sampling', 1), {'repo_name': 0, 'count': 1})","Row(('jakevdp/Mmani', 1), {'repo_name': 0, 'count': 1})","Row(('Jerryzcn/Mmani', 1), {'repo_name': 0, 'count': 1})","Row(('dmccloskey/python_statistics', 1), {'repo_name': 0, 'count': 1})",,,,,,
93,,,,,,,,,,
94,"Row(('dwettstein/pattern-recognition-2016', 2), {'repo_name': 0, 'count': 1})","Row(('Eric89GXL/mne-python', 1), {'repo_name': 0, 'count': 1})","Row(('kambysese/mne-python', 1), {'repo_name': 0, 'count': 1})","Row(('vene/ambra', 1), {'repo_name': 0, 'count': 1})","Row(('Stibbons/jupyter_utils', 1), {'repo_name': 0, 'count': 1})",,,,,
95,"Row(('anaderi/lhcb_trigger_ml', 7), {'repo_name': 0, 'count': 1})","Row(('albahnsen/CostSensitiveClassification', 2), {'repo_name': 0, 'count': 1})","Row(('slipguru/palladio', 2), {'repo_name': 0, 'count': 1})","Row(('tgsmith61591/pyramid', 2), {'repo_name': 0, 'count': 1})","Row(('nickcdryan/hep_ml', 2), {'repo_name': 0, 'count': 1})","Row(('chrinide/hep_ml', 2), {'repo_name': 0, 'count': 1})","Row(('broadinstitute/ebola-predictor', 2), {'repo_name': 0, 'count': 1})","Row(('henchc/MHG_Scansion', 1), {'repo_name': 0, 'count': 1})","Row(('tgsmith61591/skutil', 1), {'repo_name': 0, 'count': 1})","Row(('slipguru/l1l2py', 1), {'repo_name': 0, 'count': 1})"
96,"Row(('dmccloskey/python_statistics', 1), {'repo_name': 0, 'count': 1})","Row(('lmjohns3/movement-classify-experiment', 1), {'repo_name': 0, 'count': 1})","Row(('AtsushiHashimoto/exp_idc', 1), {'repo_name': 0, 'count': 1})","Row(('KitwareMedical/TubeTK-pypbm', 1), {'repo_name': 0, 'count': 1})","Row(('rocknrollnerd/chell', 1), {'repo_name': 0, 'count': 1})","Row(('rocknrollnerd/ml-playground', 1), {'repo_name': 0, 'count': 1})",,,,
97,"Row(('dmccloskey/python_statistics', 2), {'repo_name': 0, 'count': 1})","Row(('broadinstitute/ebola-predictor', 2), {'repo_name': 0, 'count': 1})","Row(('jonathanstrong/tmetrics', 1), {'repo_name': 0, 'count': 1})","Row(('henchc/MHG_Scansion', 1), {'repo_name': 0, 'count': 1})","Row(('doordash/auto_ml', 1), {'repo_name': 0, 'count': 1})","Row(('diana-hep/carl', 1), {'repo_name': 0, 'count': 1})","Row(('AndrewRook/NFLWin', 1), {'repo_name': 0, 'count': 1})",,,
98,"Row(('peret/visualize-bovw', 1), {'repo_name': 0, 'count': 1})",,,,,,,,,
99,"Row(('nukui-s/sscomdetection', 8), {'repo_name': 0, 'count': 1})","Row(('yyypasserby/DiscretePSO', 4), {'repo_name': 0, 'count': 1})","Row(('nukui-s/bifac', 4), {'repo_name': 0, 'count': 1})","Row(('abhi252/GloVeGraphs', 2), {'repo_name': 0, 'count': 1})","Row(('derekgreene/topic-ensemble', 2), {'repo_name': 0, 'count': 1})","Row(('LichAmnesia/MBSCM', 2), {'repo_name': 0, 'count': 1})","Row(('clslabMSU/clustGUI', 2), {'repo_name': 0, 'count': 1})","Row(('ozansener/tf_base', 2), {'repo_name': 0, 'count': 1})","Row(('jakevdp/Mmani', 1), {'repo_name': 0, 'count': 1})","Row(('pipilove/topicnum_choice', 1), {'repo_name': 0, 'count': 1})"
100,"Row(('Iolaum/Phi1337', 6), {'repo_name': 0, 'count': 1})","Row(('cudbg/Dialectic', 5), {'repo_name': 0, 'count': 1})","Row(('tanayz/Kaggle', 4), {'repo_name': 0, 'count': 1})","Row(('rothadamg/UPSITE', 2), {'repo_name': 0, 'count': 1})","Row(('blueduck981/coursexray', 2), {'repo_name': 0, 'count': 1})","Row(('DigasNikas/PyRecommender', 2), {'repo_name': 0, 'count': 1})","Row(('vatika/Automated-Essay-Grading', 2), {'repo_name': 0, 'count': 1})","Row(('ShadowTemplate/ScriBa', 2), {'repo_name': 0, 'count': 1})","Row(('emmjaykay/reddit-faqizer', 1), {'repo_name': 0, 'count': 1})","Row(('dmccloskey/python_statistics', 1), {'repo_name': 0, 'count': 1})"
101,"Row(('remigius42/code_camp_2017_machine_learning', 21), {'repo_name': 0, 'count': 1})","Row(('abhijeet-talaulikar/Automatic-Helmet-Detection', 18), {'repo_name': 0, 'count': 1})","Row(('jiafeimaowudi/KnowlegeableCNN', 13), {'repo_name': 0, 'count': 1})","Row(('I2Cvb/mp-mri-prostate', 11), {'repo_name': 0, 'count': 1})","Row(('akhilpm/Masters-Project', 8), {'repo_name': 0, 'count': 1})","Row(('sulantha2006/Conversion', 6), {'repo_name': 0, 'count': 1})","Row(('ezg/PanoramicDataWin8', 6), {'repo_name': 0, 'count': 1})","Row(('orazaro/kgml', 6), {'repo_name': 0, 'count': 1})","Row(('ddofer/ProFET', 5), {'repo_name': 0, 'count': 1})","Row(('sisl/CustomerSim', 5), {'repo_name': 0, 'count': 1})"
102,"Row(('sabersf/Botnets', 7), {'repo_name': 0, 'count': 1})","Row(('cudbg/Dialectic', 6), {'repo_name': 0, 'count': 1})","Row(('pranavtbhat/EE219', 5), {'repo_name': 0, 'count': 1})","Row(('john136/exercises', 4), {'repo_name': 0, 'count': 1})","Row(('yanshengli/DBN_Learning', 3), {'repo_name': 0, 'count': 1})","Row(('dtrckd/pymake', 3), {'repo_name': 0, 'count': 1})","Row(('Noahs-ARK/ARKcat', 3), {'repo_name': 0, 'count': 1})","Row(('ajribeiro/rtapp', 3), {'repo_name': 0, 'count': 1})","Row(('asurve/arvind-sysml', 3), {'repo_name': 0, 'count': 1})","Row(('arthurmensch/modl', 2), {'repo_name': 0, 'count': 1})"
103,"Row(('iaklampanos/bde-pilot-2', 11), {'repo_name': 0, 'count': 1})",,,,,,,,,
104,,,,,,,,,,
105,"Row(('reiinakano/scikit-plot', 3), {'repo_name': 0, 'count': 1})","Row(('DistrictDataLabs/yellowbrick', 3), {'repo_name': 0, 'count': 1})","Row(('kootenpv/xtoy', 1), {'repo_name': 0, 'count': 1})","Row(('mpearmain/gestalt', 1), {'repo_name': 0, 'count': 1})","Row(('polde-live/pyml', 1), {'repo_name': 0, 'count': 1})","Row(('samuxiii/prototypes', 1), {'repo_name': 0, 'count': 1})","Row(('astarostin/MachineLearningSpecializationCoursera', 1), {'repo_name': 0, 'count': 1})","Row(('henry0312/LightGBM', 1), {'repo_name': 0, 'count': 1})","Row(('mehdidc/fluentopt', 1), {'repo_name': 0, 'count': 1})","Row(('vaclavcadek/keras2pmml', 1), {'repo_name': 0, 'count': 1})"
106,"Row(('RomainBrault/OVFM', 3), {'repo_name': 0, 'count': 1})","Row(('Chaparqanatoos/kaggle-knowledge', 2), {'repo_name': 0, 'count': 1})","Row(('vsmolyakov/cv', 1), {'repo_name': 0, 'count': 1})","Row(('iskandr/fancyimpute', 1), {'repo_name': 0, 'count': 1})","Row(('Kadenze/siamese_net', 1), {'repo_name': 0, 'count': 1})","Row(('ogrisel/oglearn', 1), {'repo_name': 0, 'count': 1})","Row(('pixelou/liblooklike', 1), {'repo_name': 0, 'count': 1})","Row(('zooniverse/aggregation', 1), {'repo_name': 0, 'count': 1})","Row(('wail007/ml_playground', 1), {'repo_name': 0, 'count': 1})","Row(('chongguang/scikitLearning', 1), {'repo_name': 0, 'count': 1})"
107,"Row(('fmfn/UnbalancedDataset', 13), {'repo_name': 0, 'count': 1})","Row(('akhilpm/Masters-Project', 12), {'repo_name': 0, 'count': 1})","Row(('MartinThoma/algorithms', 6), {'repo_name': 0, 'count': 1})","Row(('tochikuji/chainer-libDNN', 6), {'repo_name': 0, 'count': 1})","Row(('vsanca/soft-computing-sandbox', 5), {'repo_name': 0, 'count': 1})","Row(('glemaitre/UnbalancedDataset', 4), {'repo_name': 0, 'count': 1})","Row(('wbap/Hackathon2015', 4), {'repo_name': 0, 'count': 1})","Row(('oferorgal/ml-intro', 4), {'repo_name': 0, 'count': 1})","Row(('recruit-tech/xchainer', 3), {'repo_name': 0, 'count': 1})","Row(('masaki-y/Neural-Network-in-Python', 3), {'repo_name': 0, 'count': 1})"
108,"Row(('drivendata/countable-care-3rd-place', 11), {'repo_name': 0, 'count': 1})","Row(('puyokw/kaggle_Otto', 9), {'repo_name': 0, 'count': 1})","Row(('bikash/kaggleCompetition', 8), {'repo_name': 0, 'count': 1})","Row(('hjweide/NDSB', 7), {'repo_name': 0, 'count': 1})","Row(('AurelienGalicher/DStoolkit', 6), {'repo_name': 0, 'count': 1})","Row(('KenerChang/kaggle', 6), {'repo_name': 0, 'count': 1})","Row(('duthchao/kaggle-Otto', 6), {'repo_name': 0, 'count': 1})","Row(('RajivBiswas/Machine-Learning', 6), {'repo_name': 0, 'count': 1})","Row(('achm6174/kaggle-physics-tau', 6), {'repo_name': 0, 'count': 1})","Row(('ldamewood/kaggle', 5), {'repo_name': 0, 'count': 1})"
109,,,,,,,,,,
110,"Row(('sabersf/Botnets', 7), {'repo_name': 0, 'count': 1})","Row(('anshikam/CSCE-625', 5), {'repo_name': 0, 'count': 1})","Row(('lzamparo/SdA_reduce', 3), {'repo_name': 0, 'count': 1})","Row(('kcompher/FreeDiscovUI', 2), {'repo_name': 0, 'count': 1})","Row(('georgetown-analytics/skidmarks', 1), {'repo_name': 0, 'count': 1})","Row(('glemaitre/protoclass', 1), {'repo_name': 0, 'count': 1})","Row(('ComputationalPsychiatry/fitr', 1), {'repo_name': 0, 'count': 1})","Row(('massich/oct_image_classif', 1), {'repo_name': 0, 'count': 1})","Row(('dmccloskey/python_statistics', 1), {'repo_name': 0, 'count': 1})","Row(('douwekiela/mmfeat', 1), {'repo_name': 0, 'count': 1})"
111,"Row(('whitews/dpconverge', 10), {'repo_name': 0, 'count': 1})","Row(('JoostVisser/ml-assignment2', 9), {'repo_name': 0, 'count': 1})","Row(('bejar/kemlglearn', 8), {'repo_name': 0, 'count': 1})","Row(('amueller/advanced_training', 6), {'repo_name': 0, 'count': 1})","Row(('eranr/mlstorlets', 6), {'repo_name': 0, 'count': 1})","Row(('camallen/aggregation', 6), {'repo_name': 0, 'count': 1})","Row(('enriquecoronadozu/HMPy', 5), {'repo_name': 0, 'count': 1})","Row(('CS6780/approx-clustering', 5), {'repo_name': 0, 'count': 1})","Row(('lidalei/DataMining', 4), {'repo_name': 0, 'count': 1})","Row(('thorwhalen/ut', 4), {'repo_name': 0, 'count': 1})"
112,"Row(('Ralf3/Remote-Sensing', 5), {'repo_name': 0, 'count': 1})","Row(('tttor/csipb-jamu-prj', 1), {'repo_name': 0, 'count': 1})","Row(('MIREL-UNC/mirel-scripts', 1), {'repo_name': 0, 'count': 1})","Row(('mcallaghan/tmv', 1), {'repo_name': 0, 'count': 1})","Row(('xfaxca/pymlkit', 1), {'repo_name': 0, 'count': 1})","Row(('jwlockhart/concept-networks', 1), {'repo_name': 0, 'count': 1})","Row(('zedavid/spotTheDifferenceAnalyzer', 1), {'repo_name': 0, 'count': 1})",,,
113,"Row(('sabersf/Botnets', 7), {'repo_name': 0, 'count': 1})","Row(('krm58/Biclustering-SSVD', 1), {'repo_name': 0, 'count': 1})","Row(('dssg/education-college-public', 1), {'repo_name': 0, 'count': 1})",,,,,,,
114,"Row(('dmccloskey/python_statistics', 1), {'repo_name': 0, 'count': 1})",,,,,,,,,
115,"Row(('sergej-C/dl_utils', 1), {'repo_name': 0, 'count': 1})",,,,,,,,,
116,,,,,,,,,,
117,"Row(('100star/h2o', 4), {'repo_name': 0, 'count': 1})","Row(('woobe/h2o', 4), {'repo_name': 0, 'count': 1})","Row(('janezhango/BigDataMachineLearning', 4), {'repo_name': 0, 'count': 1})","Row(('jamesrobertlloyd/automl-phase-2', 2), {'repo_name': 0, 'count': 1})","Row(('jamesrobertlloyd/automl-phase-1', 2), {'repo_name': 0, 'count': 1})","Row(('hbldh/skboost', 1), {'repo_name': 0, 'count': 1})","Row(('111t8e/h2o-2', 1), {'repo_name': 0, 'count': 1})","Row(('schevalier/Whetlab-Python-Client', 1), {'repo_name': 0, 'count': 1})","Row(('bikash/h2o-dev', 1), {'repo_name': 0, 'count': 1})","Row(('h2oai/h2o-dev', 1), {'repo_name': 0, 'count': 1})"
118,"Row(('all-umass/graphs', 14), {'repo_name': 0, 'count': 1})","Row(('IDEALLab/domain_expansion_jmd_2017', 12), {'repo_name': 0, 'count': 1})","Row(('sonofmun/DissProject', 8), {'repo_name': 0, 'count': 1})","Row(('CS6780/approx-clustering', 7), {'repo_name': 0, 'count': 1})","Row(('rlowrance/find_best_mall', 5), {'repo_name': 0, 'count': 1})","Row(('fabsx00/chucky-old', 4), {'repo_name': 0, 'count': 1})","Row(('dmccloskey/python_statistics', 4), {'repo_name': 0, 'count': 1})","Row(('JifuZhao/Poisson-Kriging', 4), {'repo_name': 0, 'count': 1})","Row(('GGiecold/ECLAIR', 4), {'repo_name': 0, 'count': 1})","Row(('JingheZ/metric-learn', 4), {'repo_name': 0, 'count': 1})"
119,"Row(('NeuroDataDesign/seelviz', 8), {'repo_name': 0, 'count': 1})","Row(('zedoul/AnomalyDetection', 7), {'repo_name': 0, 'count': 1})","Row(('alee156/clviz', 4), {'repo_name': 0, 'count': 1})","Row(('Jerryzcn/Mmani', 1), {'repo_name': 0, 'count': 1})","Row(('quinngroup/fergus-ssl', 1), {'repo_name': 0, 'count': 1})","Row(('dmccloskey/python_statistics', 1), {'repo_name': 0, 'count': 1})","Row(('MadsJensen/agency_connectivity', 1), {'repo_name': 0, 'count': 1})","Row(('hubertjb/mne-python', 1), {'repo_name': 0, 'count': 1})","Row(('rkmaddox/mne-python', 1), {'repo_name': 0, 'count': 1})","Row(('wronk/mne-python', 1), {'repo_name': 0, 'count': 1})"
120,"Row(('MaxHalford/xam', 8), {'repo_name': 0, 'count': 1})","Row(('sorend/fylearn', 6), {'repo_name': 0, 'count': 1})","Row(('padilha/biclustlib', 6), {'repo_name': 0, 'count': 1})","Row(('dvro/ml', 6), {'repo_name': 0, 'count': 1})","Row(('tgsmith61591/pyramid', 5), {'repo_name': 0, 'count': 1})","Row(('Erotemic/vtool', 4), {'repo_name': 0, 'count': 1})","Row(('thorwhalen/ut', 4), {'repo_name': 0, 'count': 1})","Row(('c-north/hdbscan', 4), {'repo_name': 0, 'count': 1})","Row(('jakevdp/wpca', 4), {'repo_name': 0, 'count': 1})","Row(('scikit-garden/scikit-garden', 4), {'repo_name': 0, 'count': 1})"
121,"Row(('dmccloskey/python_statistics', 1), {'repo_name': 0, 'count': 1})",,,,,,,,,
122,"Row(('MikkelsCykel/CTFBD', 6), {'repo_name': 0, 'count': 1})","Row(('clslabMSU/clustGUI', 2), {'repo_name': 0, 'count': 1})","Row(('donK23/shed01', 2), {'repo_name': 0, 'count': 1})","Row(('shihuai/TCAI-2017', 2), {'repo_name': 0, 'count': 1})","Row(('aglankit/recommendation_engine', 2), {'repo_name': 0, 'count': 1})","Row(('GGiecold/Cluster_Ensembles', 1), {'repo_name': 0, 'count': 1})","Row(('escientists/dstl', 1), {'repo_name': 0, 'count': 1})","Row(('vstarostenko/soteria', 1), {'repo_name': 0, 'count': 1})","Row(('DynaSlum/SateliteImaging', 1), {'repo_name': 0, 'count': 1})","Row(('dmccloskey/python_statistics', 1), {'repo_name': 0, 'count': 1})"
123,"Row(('RecipeML/Recipe', 10), {'repo_name': 0, 'count': 1})","Row(('I2Cvb/mp-mri-prostate', 9), {'repo_name': 0, 'count': 1})","Row(('Karl-Marka/data-mining', 7), {'repo_name': 0, 'count': 1})","Row(('pymir3/pymir3', 3), {'repo_name': 0, 'count': 1})","Row(('lukassnoek/skbold', 3), {'repo_name': 0, 'count': 1})","Row(('timestocome/islr', 3), {'repo_name': 0, 'count': 1})","Row(('dlatk/dlatk', 2), {'repo_name': 0, 'count': 1})","Row(('salma1601/nilearn', 2), {'repo_name': 0, 'count': 1})","Row(('urbansearchTUD/UrbanSearch', 2), {'repo_name': 0, 'count': 1})","Row(('BIDS-collaborative/EDAM', 2), {'repo_name': 0, 'count': 1})"
124,"Row(('DavidMcDonald1993/ghsom', 4), {'repo_name': 0, 'count': 1})","Row(('dmccloskey/python_statistics', 2), {'repo_name': 0, 'count': 1})","Row(('GGiecold/ECLAIR', 2), {'repo_name': 0, 'count': 1})","Row(('nishantnath/MusicPredictiveAnalysis_EE660_USCFall2015', 1), {'repo_name': 0, 'count': 1})","Row(('UFABC-AM-2016-1/constrained-k-means', 1), {'repo_name': 0, 'count': 1})","Row(('PeterDSteinberg/kmeans_coloring_book', 1), {'repo_name': 0, 'count': 1})","Row(('clintval/siglib', 1), {'repo_name': 0, 'count': 1})","Row(('geobricks/Playground', 1), {'repo_name': 0, 'count': 1})","Row(('vibhatha/mean', 1), {'repo_name': 0, 'count': 1})","Row(('GGiecold/PySCUBA', 1), {'repo_name': 0, 'count': 1})"
125,"Row(('DiamondLightSource/auto_tomo_calibration-experimental', 2), {'repo_name': 0, 'count': 1})","Row(('juhuntenburg/pipelines', 2), {'repo_name': 0, 'count': 1})","Row(('AlexandreAbraham/brainhack2013', 2), {'repo_name': 0, 'count': 1})","Row(('FRESNA/PyPSA', 1), {'repo_name': 0, 'count': 1})","Row(('3324fr/spinalcordtoolbox', 1), {'repo_name': 0, 'count': 1})","Row(('xavierfav/music-pattern-discovery', 1), {'repo_name': 0, 'count': 1})","Row(('danqiye1/CS4786', 1), {'repo_name': 0, 'count': 1})","Row(('boudinfl/pke', 1), {'repo_name': 0, 'count': 1})","Row(('kosklain/MitosisDetection', 1), {'repo_name': 0, 'count': 1})","Row(('souravsarangi/SMAITrendDetection', 1), {'repo_name': 0, 'count': 1})"
126,"Row(('rasbt/mlxtend', 2), {'repo_name': 0, 'count': 1})","Row(('lidalei/DataMining', 2), {'repo_name': 0, 'count': 1})","Row(('skylergrammer/SimulatedAnnealing', 1), {'repo_name': 0, 'count': 1})",,,,,,,
127,"Row(('kedz/cuttsum', 32), {'repo_name': 0, 'count': 1})","Row(('jashwanth9/Expert-recommendation-system', 17), {'repo_name': 0, 'count': 1})","Row(('clemsos/mitras', 7), {'repo_name': 0, 'count': 1})","Row(('Iolaum/Phi1337', 6), {'repo_name': 0, 'count': 1})","Row(('achyudhk/Ensemble-Text-Classification', 5), {'repo_name': 0, 'count': 1})","Row(('tjohn351/Termediator', 5), {'repo_name': 0, 'count': 1})","Row(('snovd/test-scripts', 5), {'repo_name': 0, 'count': 1})","Row(('amirhmoin/recodev', 4), {'repo_name': 0, 'count': 1})","Row(('ChenglongChen/Kaggle_HomeDepot', 4), {'repo_name': 0, 'count': 1})","Row(('martinthenext/criticalsyncing', 4), {'repo_name': 0, 'count': 1})"
128,,,,,,,,,,
129,"Row(('DavidMcDonald1993/ghsom', 7), {'repo_name': 0, 'count': 1})","Row(('ntduong/ML', 6), {'repo_name': 0, 'count': 1})","Row(('bejar/kemlglearn', 5), {'repo_name': 0, 'count': 1})","Row(('NelleV/pastis', 5), {'repo_name': 0, 'count': 1})","Row(('hiclib/pastis', 5), {'repo_name': 0, 'count': 1})","Row(('CORDEA/niconico-visualization', 4), {'repo_name': 0, 'count': 1})","Row(('xavierfav/freesound-python', 4), {'repo_name': 0, 'count': 1})","Row(('SingaporeNews/singaporenews.github.io', 4), {'repo_name': 0, 'count': 1})","Row(('poldrack/openfmri', 3), {'repo_name': 0, 'count': 1})","Row(('colincsl/pyKinectTools', 3), {'repo_name': 0, 'count': 1})"
130,"Row(('amirhmoin/recodev', 6), {'repo_name': 0, 'count': 1})","Row(('TechnicHail/COMP188', 4), {'repo_name': 0, 'count': 1})","Row(('john136/exercises', 4), {'repo_name': 0, 'count': 1})","Row(('jarvisqi/learn_python', 3), {'repo_name': 0, 'count': 1})","Row(('maxis1314/pyutils', 3), {'repo_name': 0, 'count': 1})","Row(('sazlin/reTOracle', 2), {'repo_name': 0, 'count': 1})","Row(('cahya-wirawan/text-classification', 2), {'repo_name': 0, 'count': 1})","Row(('ShiehShieh/Code_Identifier', 2), {'repo_name': 0, 'count': 1})","Row(('zhangfengesri/MLPython', 2), {'repo_name': 0, 'count': 1})","Row(('ngrudzinski/sentiment_analysis_437', 2), {'repo_name': 0, 'count': 1})"
131,"Row(('Aurora0001/LearnProgrammingBot', 1), {'repo_name': 0, 'count': 1})","Row(('kastnerkyle/kaggle-decmeg2014', 1), {'repo_name': 0, 'count': 1})",,,,,,,,
132,"Row(('nafis/Data-Science', 4), {'repo_name': 0, 'count': 1})","Row(('Data8Science/DS-III-Science', 1), {'repo_name': 0, 'count': 1})","Row(('cmu-db/ottertune', 1), {'repo_name': 0, 'count': 1})",,,,,,,
133,"Row(('skggm/skggm', 3), {'repo_name': 0, 'count': 1})","Row(('vsmolyakov/fin', 1), {'repo_name': 0, 'count': 1})","Row(('Santhosh97/MicrobiomeComposition', 1), {'repo_name': 0, 'count': 1})","Row(('neuroquant/jf2016-skggm', 1), {'repo_name': 0, 'count': 1})",,,,,,
134,"Row(('EliseJ/astroABC', 1), {'repo_name': 0, 'count': 1})","Row(('skggm/skggm', 1), {'repo_name': 0, 'count': 1})","Row(('dmccloskey/python_statistics', 1), {'repo_name': 0, 'count': 1})",,,,,,,
135,"Row(('vene/pyowl', 1), {'repo_name': 0, 'count': 1})",,,,,,,,,
136,"Row(('hmmlearn/hmmlearn', 1), {'repo_name': 0, 'count': 1})","Row(('mvictor212/hmmlearn', 1), {'repo_name': 0, 'count': 1})","Row(('znichols/hmmlearn', 1), {'repo_name': 0, 'count': 1})","Row(('fivejjs/hmmlearn', 1), {'repo_name': 0, 'count': 1})","Row(('sagunb/hmmlearn', 1), {'repo_name': 0, 'count': 1})","Row(('yunque/hmmlearn', 1), {'repo_name': 0, 'count': 1})","Row(('amitgroup/amitgroup', 1), {'repo_name': 0, 'count': 1})",,,
137,,,,,,,,,,
138,"Row(('sebp/scikit-survival', 4), {'repo_name': 0, 'count': 1})","Row(('tum-camp/survival-support-vector-machine', 1), {'repo_name': 0, 'count': 1})","Row(('henchc/MHG_Scansion', 1), {'repo_name': 0, 'count': 1})","Row(('nerdcha/escalator', 1), {'repo_name': 0, 'count': 1})","Row(('joshloyal/Nettie', 1), {'repo_name': 0, 'count': 1})","Row(('albahnsen/CostSensitiveClassification', 1), {'repo_name': 0, 'count': 1})","Row(('otadmor/Open-Knesset', 1), {'repo_name': 0, 'count': 1})",,,
139,,,,,,,,,,
140,"Row(('tks0123456789/XGB_experiments', 1), {'repo_name': 0, 'count': 1})",,,,,,,,,
141,"Row(('gschivley/ERCOT_power', 4), {'repo_name': 0, 'count': 1})","Row(('johncollins/metric-learn', 3), {'repo_name': 0, 'count': 1})","Row(('qusp/orange3', 2), {'repo_name': 0, 'count': 1})","Row(('pdamodaran/yellowbrick', 2), {'repo_name': 0, 'count': 1})","Row(('alashkov83/md_utils', 2), {'repo_name': 0, 'count': 1})","Row(('kongjy/hyperAFM', 1), {'repo_name': 0, 'count': 1})","Row(('dmaticzka/EDeN', 1), {'repo_name': 0, 'count': 1})","Row(('jeiros/Scripts', 1), {'repo_name': 0, 'count': 1})","Row(('Merinorus/adaisawesome', 1), {'repo_name': 0, 'count': 1})","Row(('premgane/twitter-topic-modeling', 1), {'repo_name': 0, 'count': 1})"
142,"Row(('bvancsics/TCMC', 1), {'repo_name': 0, 'count': 1})",,,,,,,,,
143,"Row(('Stibbons/jupyter_utils', 2), {'repo_name': 0, 'count': 1})","Row(('slipguru/palladio', 2), {'repo_name': 0, 'count': 1})","Row(('vene/ambra', 2), {'repo_name': 0, 'count': 1})","Row(('MD2Korg/cStress-model', 2), {'repo_name': 0, 'count': 1})","Row(('rasbt/mlxtend', 2), {'repo_name': 0, 'count': 1})","Row(('ngmarchant/prox_elasticnet', 2), {'repo_name': 0, 'count': 1})","Row(('tgsmith61591/skutil', 2), {'repo_name': 0, 'count': 1})","Row(('mthomure/glimpse-project', 1), {'repo_name': 0, 'count': 1})","Row(('tkerola/pipeline_grid_search', 1), {'repo_name': 0, 'count': 1})","Row(('rkmaddox/mne-python', 1), {'repo_name': 0, 'count': 1})"
144,"Row(('jakevdp/mst_clustering', 2), {'repo_name': 0, 'count': 1})","Row(('nazodane/binarization_for_ocr', 2), {'repo_name': 0, 'count': 1})","Row(('eead-csic-compbio/metagenome_Pfam_score', 2), {'repo_name': 0, 'count': 1})","Row(('nbir/gambit-scripts', 2), {'repo_name': 0, 'count': 1})","Row(('proteneer/terran', 2), {'repo_name': 0, 'count': 1})","Row(('zedoul/AnomalyDetection', 2), {'repo_name': 0, 'count': 1})","Row(('dvro/sf-open-data-analysis', 2), {'repo_name': 0, 'count': 1})","Row(('cseyda/Master-thesis', 2), {'repo_name': 0, 'count': 1})","Row(('dmccloskey/python_statistics', 1), {'repo_name': 0, 'count': 1})","Row(('danlurie/C-PAC', 1), {'repo_name': 0, 'count': 1})"
145,"Row(('vsmolyakov/cv', 1), {'repo_name': 0, 'count': 1})","Row(('rocknrollnerd/ml-playground', 1), {'repo_name': 0, 'count': 1})","Row(('KT12/hands_on_machine_learning', 1), {'repo_name': 0, 'count': 1})",,,,,,,
146,"Row(('yashchandak/GNN', 8), {'repo_name': 0, 'count': 1})","Row(('marawanokasha/ecml_fhv_paper_code', 1), {'repo_name': 0, 'count': 1})",,,,,,,,
147,"Row(('rodriggs/housingprices', 6), {'repo_name': 0, 'count': 1})","Row(('Kebniss/TalkingData-Mobile-User-Demographics', 3), {'repo_name': 0, 'count': 1})","Row(('shivsurya/UCI_concretedata', 3), {'repo_name': 0, 'count': 1})","Row(('kennethcc2005/yahoo_finance_stocks', 3), {'repo_name': 0, 'count': 1})","Row(('apmoore1/semeval', 2), {'repo_name': 0, 'count': 1})","Row(('dipendra009/RNN-data-gen', 2), {'repo_name': 0, 'count': 1})","Row(('tommysiu/udacity-data-analyst', 2), {'repo_name': 0, 'count': 1})","Row(('mathemage/h2o-3', 2), {'repo_name': 0, 'count': 1})","Row(('mdeff/ntds_2016', 2), {'repo_name': 0, 'count': 1})","Row(('euclides5414/ml_utils', 2), {'repo_name': 0, 'count': 1})"
148,"Row(('enriquecoronadozu/HMPy', 5), {'repo_name': 0, 'count': 1})","Row(('XiaoxiaoLiu/morphology_analysis', 4), {'repo_name': 0, 'count': 1})","Row(('Tamme/mutationalsignaturesNCSUT', 2), {'repo_name': 0, 'count': 1})","Row(('macsharma/FORKS', 2), {'repo_name': 0, 'count': 1})","Row(('lacava/few', 1), {'repo_name': 0, 'count': 1})","Row(('gsvijayraajaa/workshop', 1), {'repo_name': 0, 'count': 1})","Row(('georgetown-analytics/skidmarks', 1), {'repo_name': 0, 'count': 1})","Row(('edwardmp/clustering-job-offers-and-assessing-job-similarity', 1), {'repo_name': 0, 'count': 1})","Row(('dmccloskey/python_statistics', 1), {'repo_name': 0, 'count': 1})","Row(('reiinakano/scikit-plot', 1), {'repo_name': 0, 'count': 1})"
149,"Row(('I2Cvb/data_balancing', 2), {'repo_name': 0, 'count': 1})","Row(('giacbrd/ShallowLearn', 1), {'repo_name': 0, 'count': 1})","Row(('massich/data_balancing', 1), {'repo_name': 0, 'count': 1})","Row(('suresh/notes', 1), {'repo_name': 0, 'count': 1})","Row(('ezg/PanoramicDataWin8', 1), {'repo_name': 0, 'count': 1})","Row(('I2Cvb/retinopathy', 1), {'repo_name': 0, 'count': 1})",,,,
150,"Row(('KT12/hands_on_machine_learning', 4), {'repo_name': 0, 'count': 1})","Row(('rth/PyKrige', 2), {'repo_name': 0, 'count': 1})","Row(('bsmurphy/PyKrige', 2), {'repo_name': 0, 'count': 1})","Row(('bdol/bdol-ml', 1), {'repo_name': 0, 'count': 1})","Row(('iaroslav-ai/scikit-optimize', 1), {'repo_name': 0, 'count': 1})","Row(('datascienceinc/Skater', 1), {'repo_name': 0, 'count': 1})","Row(('scikit-optimize/scikit-optimize', 1), {'repo_name': 0, 'count': 1})","Row(('romulojales/studies', 1), {'repo_name': 0, 'count': 1})",,
151,"Row(('drivendata/countable-care-3rd-place', 10), {'repo_name': 0, 'count': 1})","Row(('balikasg/topicModelling', 2), {'repo_name': 0, 'count': 1})","Row(('alseambusher/SemanticTyping', 1), {'repo_name': 0, 'count': 1})","Row(('jasonwbw/JustAPlaceholder', 1), {'repo_name': 0, 'count': 1})","Row(('a0x77n/chucky-tools', 1), {'repo_name': 0, 'count': 1})","Row(('bikash617/Double-Sampled-Multiclass-to-Binary-Reduction', 1), {'repo_name': 0, 'count': 1})","Row(('erfannoury/SuperEdge', 1), {'repo_name': 0, 'count': 1})","Row(('mzwiessele/applygpy', 1), {'repo_name': 0, 'count': 1})","Row(('jmikko/EasyMKL', 1), {'repo_name': 0, 'count': 1})","Row(('will-hart/twitter_sentiment', 1), {'repo_name': 0, 'count': 1})"
152,"Row(('dvro/UnbalancedDataset', 17), {'repo_name': 0, 'count': 1})","Row(('dvro/scikit-protopy', 7), {'repo_name': 0, 'count': 1})","Row(('davideanastasia/vantgrd-py', 5), {'repo_name': 0, 'count': 1})","Row(('octopicorn/bcikit', 4), {'repo_name': 0, 'count': 1})","Row(('glemaitre/imbalanced-learn', 4), {'repo_name': 0, 'count': 1})","Row(('bblais/Classy', 4), {'repo_name': 0, 'count': 1})","Row(('MaxHalford/xam', 4), {'repo_name': 0, 'count': 1})","Row(('scikit-garden/scikit-garden', 4), {'repo_name': 0, 'count': 1})","Row(('operalib/operalib', 3), {'repo_name': 0, 'count': 1})","Row(('bhanu-mnit/EvoML', 3), {'repo_name': 0, 'count': 1})"
153,,,,,,,,,,
154,"Row(('wtgme/labeldoc2vec', 1), {'repo_name': 0, 'count': 1})",,,,,,,,,
155,,,,,,,,,,
156,"Row(('chkoar/imbalanced-learn', 1), {'repo_name': 0, 'count': 1})","Row(('pavank/DataScience-2017', 1), {'repo_name': 0, 'count': 1})","Row(('daniaki/ppi_wrangler', 1), {'repo_name': 0, 'count': 1})",,,,,,,
157,"Row(('guyrose3/fast-rcnn', 4), {'repo_name': 0, 'count': 1})","Row(('ipashchenko/ml4vs', 2), {'repo_name': 0, 'count': 1})","Row(('Kebniss/TalkingData-Mobile-User-Demographics', 2), {'repo_name': 0, 'count': 1})","Row(('Texju/DIT-Machine_Learning', 1), {'repo_name': 0, 'count': 1})","Row(('ScottFreeLLC/AlphaPy', 1), {'repo_name': 0, 'count': 1})","Row(('vberthiaume/vblandr', 1), {'repo_name': 0, 'count': 1})","Row(('songjs1993/DeepLearning', 1), {'repo_name': 0, 'count': 1})","Row(('daniaki/ppi_wrangler', 1), {'repo_name': 0, 'count': 1})","Row(('ewulczyn/talk_page_abuse', 1), {'repo_name': 0, 'count': 1})","Row(('pcomputo/webpage-classifier', 1), {'repo_name': 0, 'count': 1})"
158,"Row(('arthurfait/HMM-3', 1), {'repo_name': 0, 'count': 1})","Row(('nboley/regulatory_network_tools', 1), {'repo_name': 0, 'count': 1})","Row(('chicham/pymv', 1), {'repo_name': 0, 'count': 1})","Row(('JingheZ/metric-learn', 1), {'repo_name': 0, 'count': 1})","Row(('yoojioh/gamelanpy', 1), {'repo_name': 0, 'count': 1})","Row(('dmccloskey/python_statistics', 1), {'repo_name': 0, 'count': 1})","Row(('skggm/skggm', 1), {'repo_name': 0, 'count': 1})",,,
159,"Row(('all-umass/graphs', 2), {'repo_name': 0, 'count': 1})","Row(('slipguru/adenine', 1), {'repo_name': 0, 'count': 1})","Row(('arnomoonens/Mussy-Robot', 1), {'repo_name': 0, 'count': 1})",,,,,,,
160,"Row(('dvro/imbalanced-learn', 47), {'repo_name': 0, 'count': 1})","Row(('chkoar/imbalanced-learn', 29), {'repo_name': 0, 'count': 1})","Row(('dvro/UnbalancedDataset', 21), {'repo_name': 0, 'count': 1})","Row(('glemaitre/imbalanced-learn', 19), {'repo_name': 0, 'count': 1})","Row(('rpetchler/verhulst', 12), {'repo_name': 0, 'count': 1})","Row(('wasit7/book_pae', 11), {'repo_name': 0, 'count': 1})","Row(('rushter/MLAlgorithms', 9), {'repo_name': 0, 'count': 1})","Row(('zhuhuifeng/PyML', 6), {'repo_name': 0, 'count': 1})","Row(('Rostlab/LocText', 5), {'repo_name': 0, 'count': 1})","Row(('fmfn/UnbalancedDataset', 5), {'repo_name': 0, 'count': 1})"
161,"Row(('Zsailer/epistasis', 1), {'repo_name': 0, 'count': 1})",,,,,,,,,
162,"Row(('Goodideax/CS249', 11), {'repo_name': 0, 'count': 1})","Row(('georgetown-analytics/bike-psychics', 5), {'repo_name': 0, 'count': 1})","Row(('MicrosoftGenomics/FaST-LMM', 4), {'repo_name': 0, 'count': 1})","Row(('dlatk/dlatk', 4), {'repo_name': 0, 'count': 1})","Row(('zhonghualiu/FaST-LMM', 4), {'repo_name': 0, 'count': 1})","Row(('PMitura/smiles-neural-network', 4), {'repo_name': 0, 'count': 1})","Row(('adebayoj/FairML', 3), {'repo_name': 0, 'count': 1})","Row(('orazaro/kgml', 2), {'repo_name': 0, 'count': 1})","Row(('cgrohman/ponies', 2), {'repo_name': 0, 'count': 1})","Row(('nboley/regulatory_network_tools', 2), {'repo_name': 0, 'count': 1})"
163,"Row(('ramtinms/tokenquery', 1), {'repo_name': 0, 'count': 1})","Row(('jiwu14/TweetAnalyzer', 1), {'repo_name': 0, 'count': 1})","Row(('src-d/kmcuda', 1), {'repo_name': 0, 'count': 1})","Row(('datascienceinc/Skater', 1), {'repo_name': 0, 'count': 1})","Row(('alliemacleay/MachineLearning_CS6140', 1), {'repo_name': 0, 'count': 1})","Row(('clara-labs/spherecluster', 1), {'repo_name': 0, 'count': 1})",,,,
164,"Row(('slipguru/l1l2py', 1), {'repo_name': 0, 'count': 1})",,,,,,,,,
165,"Row(('Rostlab/LocText', 3), {'repo_name': 0, 'count': 1})","Row(('achyudhk/Ensemble-Text-Classification', 2), {'repo_name': 0, 'count': 1})","Row(('tmills/uda', 1), {'repo_name': 0, 'count': 1})","Row(('juanmirocks/LocText', 1), {'repo_name': 0, 'count': 1})","Row(('BhavyaLight/kaggle-predicting-Red-Hat-Business-Value', 1), {'repo_name': 0, 'count': 1})",,,,,
166,,,,,,,,,,
167,"Row(('hugobuddel/orange3', 5), {'repo_name': 0, 'count': 1})","Row(('jzbontar/orange-tree', 5), {'repo_name': 0, 'count': 1})","Row(('VesnaT/orange3', 4), {'repo_name': 0, 'count': 1})","Row(('s-alexey/orange3', 4), {'repo_name': 0, 'count': 1})","Row(('gabrielspadon/SCC5948_DataScience', 4), {'repo_name': 0, 'count': 1})","Row(('kwikadi/orange3', 4), {'repo_name': 0, 'count': 1})","Row(('jchodera/LiquidBenchmark', 3), {'repo_name': 0, 'count': 1})","Row(('PythonCharmers/orange3', 3), {'repo_name': 0, 'count': 1})","Row(('janezd/orange3', 3), {'repo_name': 0, 'count': 1})","Row(('choderalab/LiquidBenchmark', 2), {'repo_name': 0, 'count': 1})"
168,"Row(('xiaohan2012/snpp', 5), {'repo_name': 0, 'count': 1})","Row(('cmaclell/concept_formation', 4), {'repo_name': 0, 'count': 1})","Row(('evolaemp/svmcc', 3), {'repo_name': 0, 'count': 1})","Row(('rafaeloureirosm/I4E4G', 2), {'repo_name': 0, 'count': 1})","Row(('clslabMSU/clustGUI', 2), {'repo_name': 0, 'count': 1})","Row(('tzk/EDeN', 2), {'repo_name': 0, 'count': 1})","Row(('school-tagger/school', 1), {'repo_name': 0, 'count': 1})","Row(('lucasbrunialti/biclustering-experiments', 1), {'repo_name': 0, 'count': 1})","Row(('jadeshi/old-msm', 1), {'repo_name': 0, 'count': 1})","Row(('widdowquinn/THAPBI-pycits', 1), {'repo_name': 0, 'count': 1})"
169,,,,,,,,,,
170,,,,,,,,,,
171,"Row(('aglankit/recommendation_engine', 10), {'repo_name': 0, 'count': 1})","Row(('marcocaccin/MLTI', 6), {'repo_name': 0, 'count': 1})","Row(('srijanshetty/bike-share-kaggle', 5), {'repo_name': 0, 'count': 1})","Row(('Sharmarajnish/Allstate-Claims-Severity', 5), {'repo_name': 0, 'count': 1})","Row(('jajoe/machine_learning', 4), {'repo_name': 0, 'count': 1})","Row(('orazaro/kgml', 4), {'repo_name': 0, 'count': 1})","Row(('NicoliAraujo/rna-precipitacao-manaus', 3), {'repo_name': 0, 'count': 1})","Row(('shenbai/tradesafe', 3), {'repo_name': 0, 'count': 1})","Row(('crcollins/molml', 3), {'repo_name': 0, 'count': 1})","Row(('JudoWill/ResearchNotebooks', 3), {'repo_name': 0, 'count': 1})"
172,"Row(('amirhmoin/recodev', 16), {'repo_name': 0, 'count': 1})","Row(('n7jti/machine_learning', 8), {'repo_name': 0, 'count': 1})","Row(('dreadjesus/MachineLearning', 7), {'repo_name': 0, 'count': 1})","Row(('cudbg/Dialectic', 7), {'repo_name': 0, 'count': 1})","Row(('mikelane/FaceRecognition', 7), {'repo_name': 0, 'count': 1})","Row(('canast02/csci544_fall2016_project', 7), {'repo_name': 0, 'count': 1})","Row(('cysjtu/SentimentAnalysis', 7), {'repo_name': 0, 'count': 1})","Row(('FabricioMatos/ifes-dropout-machine-learning', 6), {'repo_name': 0, 'count': 1})","Row(('sonapraneeth-a/object-classification', 6), {'repo_name': 0, 'count': 1})","Row(('laic/discourse', 6), {'repo_name': 0, 'count': 1})"
173,"Row(('thorwhalen/ut', 2), {'repo_name': 0, 'count': 1})","Row(('massich/oct_image_classif', 1), {'repo_name': 0, 'count': 1})","Row(('mthomure/glimpse-project', 1), {'repo_name': 0, 'count': 1})","Row(('chrinide/PyFV', 1), {'repo_name': 0, 'count': 1})","Row(('MaxHalford/xam', 1), {'repo_name': 0, 'count': 1})","Row(('javadba/Python-ELM', 1), {'repo_name': 0, 'count': 1})","Row(('tgsmith61591/skutil', 1), {'repo_name': 0, 'count': 1})","Row(('glemaitre/protoclass', 1), {'repo_name': 0, 'count': 1})","Row(('ilyapatrushev/isimage', 1), {'repo_name': 0, 'count': 1})","Row(('davidthaler/Greek_media', 1), {'repo_name': 0, 'count': 1})"
174,"Row(('mikelane/FaceRecognition', 7), {'repo_name': 0, 'count': 1})","Row(('cduvedi/CS229-project', 4), {'repo_name': 0, 'count': 1})","Row(('zhangxd12/Lfw_face_recognition_svm_ensemble', 3), {'repo_name': 0, 'count': 1})","Row(('charanpald/tyre-hug', 2), {'repo_name': 0, 'count': 1})","Row(('BradNeuberg/personal-photos-model', 2), {'repo_name': 0, 'count': 1})","Row(('AndySchuetz/homemade_pi', 2), {'repo_name': 0, 'count': 1})","Row(('sinanh/udacity', 2), {'repo_name': 0, 'count': 1})","Row(('dmytroKarataiev/MachineLearning', 1), {'repo_name': 0, 'count': 1})","Row(('myselfHimanshu/Udacity-DataML', 1), {'repo_name': 0, 'count': 1})","Row(('iamharshit/ML_works', 1), {'repo_name': 0, 'count': 1})"
175,"Row(('sylvchev/PyRiemannEigen', 2), {'repo_name': 0, 'count': 1})","Row(('alexandrebarachant/pyRiemann', 1), {'repo_name': 0, 'count': 1})","Row(('alexandrebarachant/decoding-brain-challenge-2016', 1), {'repo_name': 0, 'count': 1})","Row(('dmccloskey/python_statistics', 1), {'repo_name': 0, 'count': 1})",,,,,,
176,"Row(('kc-lab/dms2dfe', 2), {'repo_name': 0, 'count': 1})","Row(('diogo149/du', 1), {'repo_name': 0, 'count': 1})","Row(('vsmolyakov/fin', 1), {'repo_name': 0, 'count': 1})","Row(('jdoepfert/nyc_taxi_tips', 1), {'repo_name': 0, 'count': 1})","Row(('ScottFreeLLC/AlphaPy', 1), {'repo_name': 0, 'count': 1})",,,,,
177,"Row(('dvro/imbalanced-learn', 20), {'repo_name': 0, 'count': 1})","Row(('dvro/UnbalancedDataset', 19), {'repo_name': 0, 'count': 1})","Row(('octopicorn/bcikit', 5), {'repo_name': 0, 'count': 1})","Row(('civisanalytics/muffnn', 4), {'repo_name': 0, 'count': 1})","Row(('operalib/operalib', 3), {'repo_name': 0, 'count': 1})","Row(('sig-ml/bleedml', 2), {'repo_name': 0, 'count': 1})","Row(('lmcinnes/hdbscan', 2), {'repo_name': 0, 'count': 1})","Row(('daviddiazvico/predictor', 2), {'repo_name': 0, 'count': 1})","Row(('fmfn/UnbalancedDataset', 2), {'repo_name': 0, 'count': 1})","Row(('jakevdp/wpca', 1), {'repo_name': 0, 'count': 1})"
178,"Row(('rocknrollnerd/ml-playground', 2), {'repo_name': 0, 'count': 1})","Row(('mathmastin/ImageCompressPython', 2), {'repo_name': 0, 'count': 1})","Row(('druzhkov-paul/deep_forest', 1), {'repo_name': 0, 'count': 1})","Row(('tboquet/scheduler', 1), {'repo_name': 0, 'count': 1})","Row(('tehtechguy/mHTM', 1), {'repo_name': 0, 'count': 1})","Row(('rachelalbert/image-analogies-python', 1), {'repo_name': 0, 'count': 1})","Row(('bregmanstudio/AudioSpectrumPatchApproximation', 1), {'repo_name': 0, 'count': 1})","Row(('bblais/Classy', 1), {'repo_name': 0, 'count': 1})","Row(('rocknrollnerd/deep_hierarchy', 1), {'repo_name': 0, 'count': 1})","Row(('bmilde/deepschmatzing', 1), {'repo_name': 0, 'count': 1})"
179,,,,,,,,,,
180,"Row(('nukui-s/sscomdetection', 8), {'repo_name': 0, 'count': 1})","Row(('dallascard/guac', 5), {'repo_name': 0, 'count': 1})","Row(('kcompher/FreeDiscovUI', 5), {'repo_name': 0, 'count': 1})","Row(('stablum/reimplementations', 5), {'repo_name': 0, 'count': 1})","Row(('yaonepiece/AtariBreakoutAI', 5), {'repo_name': 0, 'count': 1})","Row(('xi-studio/anime', 5), {'repo_name': 0, 'count': 1})","Row(('FTAsr/STS', 5), {'repo_name': 0, 'count': 1})","Row(('mtfelix/ClusType', 5), {'repo_name': 0, 'count': 1})","Row(('MKLab-ITI/reveal-graph-embedding', 4), {'repo_name': 0, 'count': 1})","Row(('pcejrowski/iwi', 4), {'repo_name': 0, 'count': 1})"
181,"Row(('wdm0006/categorical_encoding', 7), {'repo_name': 0, 'count': 1})","Row(('rushter/heamy', 6), {'repo_name': 0, 'count': 1})","Row(('acimmarusti/isl_exercises', 5), {'repo_name': 0, 'count': 1})","Row(('aidiary/keras_examples', 4), {'repo_name': 0, 'count': 1})","Row(('Ohjeah/sparsereg', 4), {'repo_name': 0, 'count': 1})","Row(('bhanu-mnit/EvoML', 4), {'repo_name': 0, 'count': 1})","Row(('necromuralist/boston_housing', 3), {'repo_name': 0, 'count': 1})","Row(('wrichert/BuildingMachineLearningSystemsWithPython', 3), {'repo_name': 0, 'count': 1})","Row(('kizzen/Baller-Shot-Caller', 3), {'repo_name': 0, 'count': 1})","Row(('georgetown-analytics/nba-tracking', 3), {'repo_name': 0, 'count': 1})"
182,"Row(('mthomure/glimpse-project', 1), {'repo_name': 0, 'count': 1})","Row(('kcompher/FreeDiscovUI', 1), {'repo_name': 0, 'count': 1})","Row(('drlinux/sparkit-learn', 1), {'repo_name': 0, 'count': 1})","Row(('thorwhalen/ut', 1), {'repo_name': 0, 'count': 1})","Row(('taynaud/sparkit-learn', 1), {'repo_name': 0, 'count': 1})","Row(('glemaitre/protoclass', 1), {'repo_name': 0, 'count': 1})","Row(('dlatk/dlatk', 1), {'repo_name': 0, 'count': 1})","Row(('massich/oct_image_classif', 1), {'repo_name': 0, 'count': 1})",,
183,"Row(('Zsailer/epistasis', 2), {'repo_name': 0, 'count': 1})","Row(('dallascard/guac', 2), {'repo_name': 0, 'count': 1})","Row(('mbatchkarov/dc_evaluation', 1), {'repo_name': 0, 'count': 1})","Row(('krzjoa/sciquence', 1), {'repo_name': 0, 'count': 1})","Row(('asalomatov/variants', 1), {'repo_name': 0, 'count': 1})","Row(('jingxiang-li/kaggle-yelp', 1), {'repo_name': 0, 'count': 1})","Row(('gabrielStanovsky/oie-benchmark', 1), {'repo_name': 0, 'count': 1})","Row(('taylorhxu/neurosynth', 1), {'repo_name': 0, 'count': 1})","Row(('axelmagn/metrics', 1), {'repo_name': 0, 'count': 1})","Row(('geledek/mrec', 1), {'repo_name': 0, 'count': 1})"
184,,,,,,,,,,
185,"Row(('amirhmoin/recodev', 9), {'repo_name': 0, 'count': 1})","Row(('vansky/meg_playground', 4), {'repo_name': 0, 'count': 1})","Row(('dchad/malware-detection', 3), {'repo_name': 0, 'count': 1})","Row(('chbrown/tsa', 3), {'repo_name': 0, 'count': 1})","Row(('archonren/project', 2), {'repo_name': 0, 'count': 1})","Row(('numb3r33/StumbpleUponChallenge', 2), {'repo_name': 0, 'count': 1})","Row(('tmills/uda', 2), {'repo_name': 0, 'count': 1})","Row(('tanayz/Kaggle', 2), {'repo_name': 0, 'count': 1})","Row(('varisd/school', 2), {'repo_name': 0, 'count': 1})","Row(('achyudhk/Ensemble-Text-Classification', 2), {'repo_name': 0, 'count': 1})"
186,"Row(('AWNystrom/SparseInteraction', 2), {'repo_name': 0, 'count': 1})","Row(('arthurmensch/modl', 2), {'repo_name': 0, 'count': 1})","Row(('bdol/bdol-ml', 1), {'repo_name': 0, 'count': 1})","Row(('MikeDelaney/sentiment', 1), {'repo_name': 0, 'count': 1})","Row(('perryhook/parallel_computing', 1), {'repo_name': 0, 'count': 1})","Row(('davefernig/alp', 1), {'repo_name': 0, 'count': 1})","Row(('miramzz/machine_learning', 1), {'repo_name': 0, 'count': 1})","Row(('arosh/ml', 1), {'repo_name': 0, 'count': 1})",,
187,"Row(('jcrist/dask-learn', 8), {'repo_name': 0, 'count': 1})","Row(('bhanu-mnit/EvoML', 7), {'repo_name': 0, 'count': 1})","Row(('rasbt/mlxtend', 7), {'repo_name': 0, 'count': 1})","Row(('ivannz/study_notes', 7), {'repo_name': 0, 'count': 1})","Row(('orazaro/kgml', 6), {'repo_name': 0, 'count': 1})","Row(('EvoML/EvoML', 6), {'repo_name': 0, 'count': 1})","Row(('diana-hep/carl', 6), {'repo_name': 0, 'count': 1})","Row(('flaviovdf/pyksc', 4), {'repo_name': 0, 'count': 1})","Row(('daniaki/ppi_wrangler', 4), {'repo_name': 0, 'count': 1})","Row(('daniaki/pyPPI', 4), {'repo_name': 0, 'count': 1})"
188,,,,,,,,,,
189,"Row(('alexandrebarachant/pyRiemann', 1), {'repo_name': 0, 'count': 1})","Row(('dmccloskey/python_statistics', 1), {'repo_name': 0, 'count': 1})",,,,,,,,
190,"Row(('LukaK/HackerRankFramework', 1), {'repo_name': 0, 'count': 1})","Row(('civisanalytics/muffnn', 1), {'repo_name': 0, 'count': 1})","Row(('alvarouc/polyssifier', 1), {'repo_name': 0, 'count': 1})","Row(('kootenpv/xtoy', 1), {'repo_name': 0, 'count': 1})","Row(('donlnz/nonconformist', 1), {'repo_name': 0, 'count': 1})",,,,,
191,"Row(('lzamparo/SdA_reduce', 15), {'repo_name': 0, 'count': 1})","Row(('Tjorriemorrie/trading', 14), {'repo_name': 0, 'count': 1})","Row(('amnona/heatsequer', 8), {'repo_name': 0, 'count': 1})","Row(('MadsJensen/agency_connectivity', 6), {'repo_name': 0, 'count': 1})","Row(('Ignotus/DataMining', 6), {'repo_name': 0, 'count': 1})","Row(('NicoliAraujo/rna-precipitacao-manaus', 6), {'repo_name': 0, 'count': 1})","Row(('tzk/EDeN', 5), {'repo_name': 0, 'count': 1})","Row(('Tweety-FER/tar-polarity', 5), {'repo_name': 0, 'count': 1})","Row(('avroshk/7100_Spring_16', 5), {'repo_name': 0, 'count': 1})","Row(('georgetown-analytics/skidmarks', 4), {'repo_name': 0, 'count': 1})"
192,"Row(('ryaninhust/Press-Start-Button', 2), {'repo_name': 0, 'count': 1})","Row(('dtrckd/pymake', 1), {'repo_name': 0, 'count': 1})","Row(('alolou/adr', 1), {'repo_name': 0, 'count': 1})","Row(('jpata/mlglue', 1), {'repo_name': 0, 'count': 1})","Row(('tjflexic/psb-adr', 1), {'repo_name': 0, 'count': 1})","Row(('albietz/stochs', 1), {'repo_name': 0, 'count': 1})","Row(('oddskool/mllib-samples', 1), {'repo_name': 0, 'count': 1})","Row(('tjflexic/kaggle-word2vec-movie-reviews', 1), {'repo_name': 0, 'count': 1})","Row(('GRAAL-Research/domain_adversarial_neural_network', 1), {'repo_name': 0, 'count': 1})",
193,"Row(('MoveLab/tigatrapp-server', 2), {'repo_name': 0, 'count': 1})","Row(('iaklampanos/bde-pilot-2', 2), {'repo_name': 0, 'count': 1})","Row(('cmu-db/ottertune', 1), {'repo_name': 0, 'count': 1})","Row(('tttor/csipb-jamu-prj', 1), {'repo_name': 0, 'count': 1})","Row(('feuerchop/h3lib', 1), {'repo_name': 0, 'count': 1})","Row(('sirfoga/pymisc', 1), {'repo_name': 0, 'count': 1})","Row(('IDEALLab/domain_expansion_jmd_2017', 1), {'repo_name': 0, 'count': 1})",,,
194,"Row(('vibhutiM/Production-Failures', 3), {'repo_name': 0, 'count': 1})","Row(('wiwatowasirikul/PCM', 2), {'repo_name': 0, 'count': 1})","Row(('exark/puffsAnalysis', 2), {'repo_name': 0, 'count': 1})","Row(('Caseyftw/astronet', 2), {'repo_name': 0, 'count': 1})","Row(('alexsavio/aizkolari', 1), {'repo_name': 0, 'count': 1})","Row(('dmccloskey/python_statistics', 1), {'repo_name': 0, 'count': 1})","Row(('aadrianfr/ML', 1), {'repo_name': 0, 'count': 1})","Row(('Ernestyj/PyStudy', 1), {'repo_name': 0, 'count': 1})","Row(('evanfeinberg/deep-learning', 1), {'repo_name': 0, 'count': 1})","Row(('enanablancaynumeros/mullpy', 1), {'repo_name': 0, 'count': 1})"
195,,,,,,,,,,
196,"Row(('psarka/uplift', 1), {'repo_name': 0, 'count': 1})",,,,,,,,,
197,"Row(('ezg/PanoramicDataWin8', 3), {'repo_name': 0, 'count': 1})","Row(('HaydenFaulkner/phd', 1), {'repo_name': 0, 'count': 1})","Row(('cbaziotis/keras-utilities', 1), {'repo_name': 0, 'count': 1})","Row(('twareproj/tware', 1), {'repo_name': 0, 'count': 1})","Row(('Transkribus/TranskribusDU', 1), {'repo_name': 0, 'count': 1})","Row(('UKPLab/semeval2017-scienceie', 1), {'repo_name': 0, 'count': 1})",,,,
198,"Row(('iarroyof/nlp-pipeline', 1), {'repo_name': 0, 'count': 1})","Row(('zhangxd12/Lfw_face_recognition_svm_ensemble', 1), {'repo_name': 0, 'count': 1})","Row(('agdestine/machine-learning', 1), {'repo_name': 0, 'count': 1})","Row(('cduvedi/CS229-project', 1), {'repo_name': 0, 'count': 1})","Row(('bhzunami/Immo', 1), {'repo_name': 0, 'count': 1})",,,,,
199,"Row(('peret/visualize-bovw', 2), {'repo_name': 0, 'count': 1})","Row(('fssqawj/classification_task', 1), {'repo_name': 0, 'count': 1})","Row(('dmccloskey/python_statistics', 1), {'repo_name': 0, 'count': 1})",,,,,,,
200,"Row(('haiweiosu/Optical-Character-Recognition-using-Template-Matching-Object-Detection-in-Images', 2), {'repo_name': 0, 'count': 1})",,,,,,,,,
201,"Row(('dpinney/essence', 1), {'repo_name': 0, 'count': 1})","Row(('dmccloskey/python_statistics', 1), {'repo_name': 0, 'count': 1})","Row(('vatika/Automated-Essay-Grading', 1), {'repo_name': 0, 'count': 1})","Row(('quinngroup/fergus-ssl', 1), {'repo_name': 0, 'count': 1})","Row(('sahilshah/openface', 1), {'repo_name': 0, 'count': 1})","Row(('sumsuddinshojib/openface', 1), {'repo_name': 0, 'count': 1})","Row(('andersbll/texture_benchmarks', 1), {'repo_name': 0, 'count': 1})","Row(('rafaelvalle/music_pattern_graphs', 1), {'repo_name': 0, 'count': 1})","Row(('allansp84/spectralcubes', 1), {'repo_name': 0, 'count': 1})",
202,"Row(('wei-Z/Python-Machine-Learning', 2), {'repo_name': 0, 'count': 1})","Row(('pablodecm/cartographer', 2), {'repo_name': 0, 'count': 1})","Row(('chongyangma/python-machine-learning-book', 1), {'repo_name': 0, 'count': 1})","Row(('tofguerrier/kaggle', 1), {'repo_name': 0, 'count': 1})","Row(('1iyiwei/pyml', 1), {'repo_name': 0, 'count': 1})","Row(('JakeMick/mumu', 1), {'repo_name': 0, 'count': 1})","Row(('cod3licious/simec', 1), {'repo_name': 0, 'count': 1})","Row(('zaycev/n7', 1), {'repo_name': 0, 'count': 1})","Row(('GaryLv/GaryLv.github.io', 1), {'repo_name': 0, 'count': 1})","Row(('PhenixI/machine-learning', 1), {'repo_name': 0, 'count': 1})"
203,,,,,,,,,,
204,"Row(('sabersf/Botnets', 7), {'repo_name': 0, 'count': 1})","Row(('golu-golu/code2create', 1), {'repo_name': 0, 'count': 1})","Row(('krm58/Biclustering-SSVD', 1), {'repo_name': 0, 'count': 1})",,,,,,,
205,"Row(('vespero89/Snoring_Challenge', 10), {'repo_name': 0, 'count': 1})","Row(('ChristianSch/skml', 8), {'repo_name': 0, 'count': 1})","Row(('pedrogogo/SMC_Th', 3), {'repo_name': 0, 'count': 1})","Row(('cs60050/TeamGabru', 3), {'repo_name': 0, 'count': 1})","Row(('TurkuNLP/smt-pronouns', 3), {'repo_name': 0, 'count': 1})","Row(('joshpeng/Network-Intrusions-Flask', 3), {'repo_name': 0, 'count': 1})","Row(('doutib/lobpredict', 3), {'repo_name': 0, 'count': 1})","Row(('TurkuNLP/SRNNMT', 3), {'repo_name': 0, 'count': 1})","Row(('sandeep82945/audience-predictor', 2), {'repo_name': 0, 'count': 1})","Row(('codez266/revscoring', 2), {'repo_name': 0, 'count': 1})"
206,"Row(('pdoren/DeepEnsemble', 3), {'repo_name': 0, 'count': 1})","Row(('id4zs2008/blob-dyn', 2), {'repo_name': 0, 'count': 1})","Row(('d-mittal/pystruct', 2), {'repo_name': 0, 'count': 1})","Row(('DLunin/bayescraft', 2), {'repo_name': 0, 'count': 1})","Row(('Neurita/luigi', 1), {'repo_name': 0, 'count': 1})","Row(('maxentile/advanced-ml-project', 1), {'repo_name': 0, 'count': 1})","Row(('amueller/pystruct', 1), {'repo_name': 0, 'count': 1})","Row(('probcomp/crosscat', 1), {'repo_name': 0, 'count': 1})","Row(('allansp84/spectralcubes', 1), {'repo_name': 0, 'count': 1})","Row(('dmccloskey/python_statistics', 1), {'repo_name': 0, 'count': 1})"
207,,,,,,,,,,
208,"Row(('donlnz/nonconformist', 10), {'repo_name': 0, 'count': 1})","Row(('tgsmith61591/skutil', 10), {'repo_name': 0, 'count': 1})","Row(('reiinakano/scikit-plot', 6), {'repo_name': 0, 'count': 1})","Row(('rasbt/mlxtend', 5), {'repo_name': 0, 'count': 1})","Row(('felipessalvatore/tensorflow_studies', 5), {'repo_name': 0, 'count': 1})","Row(('eboreapps/Scikit-Learn-Playground', 5), {'repo_name': 0, 'count': 1})","Row(('god99me/RandomRoughForest', 5), {'repo_name': 0, 'count': 1})","Row(('tgsmith61591/smrt', 4), {'repo_name': 0, 'count': 1})","Row(('Rostlab/LocText', 4), {'repo_name': 0, 'count': 1})","Row(('weissercn/MLTools', 4), {'repo_name': 0, 'count': 1})"
209,"Row(('bhanu-mnit/EvoML', 17), {'repo_name': 0, 'count': 1})","Row(('EvoML/EvoML', 11), {'repo_name': 0, 'count': 1})","Row(('aglankit/recommendation_engine', 10), {'repo_name': 0, 'count': 1})","Row(('behrtam/wine-quality-prediction', 9), {'repo_name': 0, 'count': 1})","Row(('lanceculnane/electricity-conservation', 8), {'repo_name': 0, 'count': 1})","Row(('wsmorgan/analyzefit', 8), {'repo_name': 0, 'count': 1})","Row(('KEggensperger/SurrogateBenchmarks', 8), {'repo_name': 0, 'count': 1})","Row(('WesleyyC/RestaurantRevenuePrediction', 8), {'repo_name': 0, 'count': 1})","Row(('terentjew-alexey/market-analysis-system', 8), {'repo_name': 0, 'count': 1})","Row(('wangqingbaidu/aliMusic', 6), {'repo_name': 0, 'count': 1})"
210,"Row(('Goodideax/CS249', 11), {'repo_name': 0, 'count': 1})","Row(('ybayle/ReproducibleResearchIEEE2017', 8), {'repo_name': 0, 'count': 1})","Row(('stephenliu0423/PyDTI', 6), {'repo_name': 0, 'count': 1})","Row(('lpeska/BRDTI', 6), {'repo_name': 0, 'count': 1})","Row(('maxis1314/pyutils', 5), {'repo_name': 0, 'count': 1})","Row(('tttor/csipb-jamu-prj', 5), {'repo_name': 0, 'count': 1})","Row(('BridgitD/school-dropout-predictions', 5), {'repo_name': 0, 'count': 1})","Row(('krahman/BuildingMachineLearningSystemsWithPython', 4), {'repo_name': 0, 'count': 1})","Row(('seba-1511/stockMarket', 4), {'repo_name': 0, 'count': 1})","Row(('ybayle/ISMIR2017', 4), {'repo_name': 0, 'count': 1})"
